Removed Pin From Net: NetName=NetR38_2 Pin=U7-1
Removed Pin From Net: NetName=NetR38_2 Pin=U7-2
Removed Pin From Net: NetName=NetR37_2 Pin=U7-3
Removed Pin From Net: NetName=+3V3 Pin=U7-4
Removed Pin From Net: NetName=GND Pin=U7-11
Removed Member From Class: ClassName=LPF Member=U1
Removed Member From Class: ClassName=REF_VOLTAGE_RELAY_DRIVER Member=U7
Change component parameters: Designator = "U8" ("U8"); Footprint = "SOT-23-3_L3.0-W1.7-P0.95-LS2.9-BR"; UniqueID = "\FHVKCGGU" ("\FHVKCGGU")
Change component parameters (AddParameter): Name = "AddInBom"; Value = "yes"; VariantName = "[No Variations]"
Change component parameters (AddParameter): Name = "Channel ID"; Value = ""; VariantName = "[No Variations]"
Change component parameters (AddParameter): Name = "ConvertToPcb"; Value = "yes"; VariantName = "[No Variations]"
Change component parameters (AddParameter): Name = "Datasheet"; Value = ""; VariantName = "[No Variations]"
Change component parameters (AddParameter): Name = "Design Item ID"; Value = "REF3016EAIDBZR"; VariantName = "[No Variations]"
Change component parameters (AddParameter): Name = "Device"; Value = "REF3016EAIDBZR"; VariantName = "[No Variations]"
Change component parameters (AddParameter): Name = "FootprintName"; Value = "SOT-23-3_L3.0-W1.7-P0.95-LS2.9-BR"; VariantName = "[No Variations]"
Change component parameters (AddParameter): Name = "Group ID"; Value = ""; VariantName = "[No Variations]"
Change component parameters (AddParameter): Name = "JLCPCB Part Class"; Value = "Extended Part"; VariantName = "[No Variations]"
Change component parameters (AddParameter): Name = "LCSC Part Name"; Value = "REF3016EAIDBZR"; VariantName = "[No Variations]"
Change component parameters (AddParameter): Name = "Manufacturer"; Value = "TI(????)"; VariantName = "[No Variations]"
Change component parameters (AddParameter): Name = "Manufacturer Part Number"; Value = "REF3016EAIDBZR"; VariantName = "[No Variations]"
Change component parameters (AddParameter): Name = "ModelId"; Value = "4eed685bb9f4439b846746bc2193f3c0ÂŽ0819f05c4eef4c71ace90d822a990e87"; VariantName = "[No Variations]"
Change component parameters (AddParameter): Name = "ModelName"; Value = "SOT-23-3L_L2.9-W1.6-H1.1-LS2.8-P0.95"; VariantName = "[No Variations]"
Change component parameters (AddParameter): Name = "ModelTransform"; Value = "114.173,110.236,0,90,0,0,0,0,0"; VariantName = "[No Variations]"
Change component parameters (AddParameter): Name = "Reuse Block"; Value = ""; VariantName = "[No Variations]"
Change component parameters (AddParameter): Name = "Source"; Value = "schematic.SCHLIB"; VariantName = "[No Variations]"
Change component parameters (AddParameter): Name = "Supplier Footprint"; Value = "SOT-23-3"; VariantName = "[No Variations]"
Change component parameters (AddParameter): Name = "Supplier Part Number"; Value = "C54120489"; VariantName = "[No Variations]"
Change component parameters (AddParameter): Name = "Symbol"; Value = "REF3016EAIDBZR"; VariantName = "[No Variations]"
Change component parameters: Designator = "C2" ("C2"); Footprint = "CAPCP4914X60N"; UniqueID = "\UEVSHLTF" ("\UEVSHLTF")
Change component parameters (AddParameter): Name = "AddInBom"; Value = ""; VariantName = "[No Variations]"
Change component parameters (AddParameter): Name = "Case/Package"; Value = "1813"; VariantName = "[No Variations]"
Change component parameters (AddParameter): Name = "Channel ID"; Value = ""; VariantName = "[No Variations]"
Change component parameters (AddParameter): Name = "Coil Rated Power"; Value = ""; VariantName = "[No Variations]"
Change component parameters (AddParameter): Name = "Coil Resistance"; Value = ""; VariantName = "[No Variations]"
Change component parameters (AddParameter): Name = "Coil Type"; Value = ""; VariantName = "[No Variations]"
Change component parameters (AddParameter): Name = "Coil Voltage"; Value = ""; VariantName = "[No Variations]"
Change component parameters (AddParameter): Name = "Contact Form"; Value = ""; VariantName = "[No Variations]"
Change component parameters (AddParameter): Name = "Contact Material"; Value = ""; VariantName = "[No Variations]"
Change component parameters (AddParameter): Name = "Contact Rating"; Value = ""; VariantName = "[No Variations]"
Change component parameters (AddParameter): Name = "Contact Resistance"; Value = ""; VariantName = "[No Variations]"
Change component parameters (AddParameter): Name = "ConvertToPcb"; Value = ""; VariantName = "[No Variations]"
Change component parameters (AddParameter): Name = "Datasheet"; Value = ""; VariantName = "[No Variations]"
Change component parameters (AddParameter): Name = "Design Item ID"; Value = ""; VariantName = "[No Variations]"
Change component parameters (AddParameter): Name = "Device"; Value = ""; VariantName = "[No Variations]"
Change component parameters (AddParameter): Name = "FootprintName"; Value = ""; VariantName = "[No Variations]"
Change component parameters (AddParameter): Name = "Group ID"; Value = ""; VariantName = "[No Variations]"
Change component parameters (AddParameter): Name = "Height"; Value = "1.45mm"; VariantName = "[No Variations]"
Change component parameters (AddParameter): Name = "JLCPCB Part Class"; Value = ""; VariantName = "[No Variations]"
Change component parameters (AddParameter): Name = "LCSC Part Name"; Value = ""; VariantName = "[No Variations]"
Change component parameters (AddParameter): Name = "Length"; Value = "4.5mm"; VariantName = "[No Variations]"
Change component parameters (AddParameter): Name = "Lifecycle Status"; Value = "Production"; VariantName = "[No Variations]"
Change component parameters (AddParameter): Name = "Manufacturer"; Value = ""; VariantName = "[No Variations]"
Change component parameters (AddParameter): Name = "Max Operating Temperature"; Value = "85°C"; VariantName = "[No Variations]"
Change component parameters (AddParameter): Name = "Min Operating Temperature"; Value = "-40°C"; VariantName = "[No Variations]"
Change component parameters (AddParameter): Name = "ModelId"; Value = ""; VariantName = "[No Variations]"
Change component parameters (AddParameter): Name = "ModelName"; Value = ""; VariantName = "[No Variations]"
Change component parameters (AddParameter): Name = "ModelTransform"; Value = ""; VariantName = "[No Variations]"
Change component parameters (AddParameter): Name = "Mounting Technology"; Value = "Surface Mount"; VariantName = "[No Variations]"
Change component parameters (AddParameter): Name = "Number of Pins"; Value = ""; VariantName = "[No Variations]"
Change component parameters (AddParameter): Name = "Operate Time"; Value = ""; VariantName = "[No Variations]"
Change component parameters (AddParameter): Name = "Operating Temperature"; Value = ""; VariantName = "[No Variations]"
Change component parameters (AddParameter): Name = "REACH SVHC"; Value = "Yes"; VariantName = "[No Variations]"
Change component parameters (AddParameter): Name = "Release Time"; Value = ""; VariantName = "[No Variations]"
Change component parameters (AddParameter): Name = "Reuse Block"; Value = ""; VariantName = "[No Variations]"
Change component parameters (AddParameter): Name = "RoHS"; Value = "Compliant"; VariantName = "[No Variations]"
Change component parameters (AddParameter): Name = "Source"; Value = ""; VariantName = "[No Variations]"
Change component parameters (AddParameter): Name = "Supplier Footprint"; Value = ""; VariantName = "[No Variations]"
Change component parameters (AddParameter): Name = "Switching Current(Max)"; Value = ""; VariantName = "[No Variations]"
Change component parameters (AddParameter): Name = "Switching Voltage(Max)"; Value = ""; VariantName = "[No Variations]"
Change component parameters (AddParameter): Name = "Symbol"; Value = ""; VariantName = "[No Variations]"
Change component parameters (AddParameter): Name = "Voltage Rating (DC)"; Value = "125V"; VariantName = "[No Variations]"
Change component parameters (AddParameter): Name = "Width"; Value = "3.2mm"; VariantName = "[No Variations]"
Change component parameters: Designator = "C12" ("C12"); Footprint = "CAPCP4914X60N"; UniqueID = "\NDWRLDXO" ("\NDWRLDXO")
Change component parameters (AddParameter): Name = "AddInBom"; Value = ""; VariantName = "[No Variations]"
Change component parameters (AddParameter): Name = "Case/Package"; Value = "1813"; VariantName = "[No Variations]"
Change component parameters (AddParameter): Name = "Channel ID"; Value = ""; VariantName = "[No Variations]"
Change component parameters (AddParameter): Name = "Coil Rated Power"; Value = ""; VariantName = "[No Variations]"
Change component parameters (AddParameter): Name = "Coil Resistance"; Value = ""; VariantName = "[No Variations]"
Change component parameters (AddParameter): Name = "Coil Type"; Value = ""; VariantName = "[No Variations]"
Change component parameters (AddParameter): Name = "Coil Voltage"; Value = ""; VariantName = "[No Variations]"
Change component parameters (AddParameter): Name = "Contact Form"; Value = ""; VariantName = "[No Variations]"
Change component parameters (AddParameter): Name = "Contact Material"; Value = ""; VariantName = "[No Variations]"
Change component parameters (AddParameter): Name = "Contact Rating"; Value = ""; VariantName = "[No Variations]"
Change component parameters (AddParameter): Name = "Contact Resistance"; Value = ""; VariantName = "[No Variations]"
Change component parameters (AddParameter): Name = "ConvertToPcb"; Value = ""; VariantName = "[No Variations]"
Change component parameters (AddParameter): Name = "Datasheet"; Value = ""; VariantName = "[No Variations]"
Change component parameters (AddParameter): Name = "Design Item ID"; Value = ""; VariantName = "[No Variations]"
Change component parameters (AddParameter): Name = "Device"; Value = ""; VariantName = "[No Variations]"
Change component parameters (AddParameter): Name = "FootprintName"; Value = ""; VariantName = "[No Variations]"
Change component parameters (AddParameter): Name = "Group ID"; Value = ""; VariantName = "[No Variations]"
Change component parameters (AddParameter): Name = "Height"; Value = "1.45mm"; VariantName = "[No Variations]"
Change component parameters (AddParameter): Name = "JLCPCB Part Class"; Value = ""; VariantName = "[No Variations]"
Change component parameters (AddParameter): Name = "LCSC Part Name"; Value = ""; VariantName = "[No Variations]"
Change component parameters (AddParameter): Name = "Length"; Value = "4.5mm"; VariantName = "[No Variations]"
Change component parameters (AddParameter): Name = "Lifecycle Status"; Value = "Production"; VariantName = "[No Variations]"
Change component parameters (AddParameter): Name = "Manufacturer"; Value = ""; VariantName = "[No Variations]"
Change component parameters (AddParameter): Name = "Max Operating Temperature"; Value = "85°C"; VariantName = "[No Variations]"
Change component parameters (AddParameter): Name = "Min Operating Temperature"; Value = "-40°C"; VariantName = "[No Variations]"
Change component parameters (AddParameter): Name = "ModelId"; Value = ""; VariantName = "[No Variations]"
Change component parameters (AddParameter): Name = "ModelName"; Value = ""; VariantName = "[No Variations]"
Change component parameters (AddParameter): Name = "ModelTransform"; Value = ""; VariantName = "[No Variations]"
Change component parameters (AddParameter): Name = "Mounting Technology"; Value = "Surface Mount"; VariantName = "[No Variations]"
Change component parameters (AddParameter): Name = "Number of Pins"; Value = ""; VariantName = "[No Variations]"
Change component parameters (AddParameter): Name = "Operate Time"; Value = ""; VariantName = "[No Variations]"
Change component parameters (AddParameter): Name = "Operating Temperature"; Value = ""; VariantName = "[No Variations]"
Change component parameters (AddParameter): Name = "REACH SVHC"; Value = "Yes"; VariantName = "[No Variations]"
Change component parameters (AddParameter): Name = "Release Time"; Value = ""; VariantName = "[No Variations]"
Change component parameters (AddParameter): Name = "Reuse Block"; Value = ""; VariantName = "[No Variations]"
Change component parameters (AddParameter): Name = "RoHS"; Value = "Compliant"; VariantName = "[No Variations]"
Change component parameters (AddParameter): Name = "Source"; Value = ""; VariantName = "[No Variations]"
Change component parameters (AddParameter): Name = "Supplier Footprint"; Value = ""; VariantName = "[No Variations]"
Change component parameters (AddParameter): Name = "Switching Current(Max)"; Value = ""; VariantName = "[No Variations]"
Change component parameters (AddParameter): Name = "Switching Voltage(Max)"; Value = ""; VariantName = "[No Variations]"
Change component parameters (AddParameter): Name = "Symbol"; Value = ""; VariantName = "[No Variations]"
Change component parameters (AddParameter): Name = "Voltage Rating (DC)"; Value = "125V"; VariantName = "[No Variations]"
Change component parameters (AddParameter): Name = "Width"; Value = "3.2mm"; VariantName = "[No Variations]"
Change component parameters: Designator = "D1" ("D1"); Footprint = "FP-SMBJ-MFG"; UniqueID = "\XOPKSLSY" ("\XOPKSLSY")
Change component parameters (AddParameter): Name = "Breakdown Voltage"; Value = "44.4V"; VariantName = "[No Variations]"
Change component parameters (AddParameter): Name = "Case/Package"; Value = "DO-214AA"; VariantName = "[No Variations]"
Change component parameters (AddParameter): Name = "Clamping Voltage"; Value = "64.5V"; VariantName = "[No Variations]"
Change component parameters (AddParameter): Name = "Clamping Voltage-Max"; Value = "64.5V"; VariantName = "[No Variations]"
Change component parameters (AddParameter): Name = "Diode Type"; Value = "ZENER"; VariantName = "[No Variations]"
Change component parameters (AddParameter): Name = "Direction"; Value = "Unidirectional"; VariantName = "[No Variations]"
Change component parameters (AddParameter): Name = "Element Configuration"; Value = "Single"; VariantName = "[No Variations]"
Change component parameters (AddParameter): Name = "Height"; Value = "2.237mm"; VariantName = "[No Variations]"
Change component parameters (AddParameter): Name = "Lead Free"; Value = "Lead Free"; VariantName = "[No Variations]"
Change component parameters (AddParameter): Name = "Leakage Current"; Value = "1uA"; VariantName = "[No Variations]"
Change component parameters (AddParameter): Name = "Length"; Value = "4.57mm"; VariantName = "[No Variations]"
Change component parameters (AddParameter): Name = "Max Breakdown Voltage"; Value = "49.1V"; VariantName = "[No Variations]"
Change component parameters (AddParameter): Name = "Max Operating Temperature"; Value = "150°C"; VariantName = "[No Variations]"
Change component parameters (AddParameter): Name = "Max Power Dissipation"; Value = "5W"; VariantName = "[No Variations]"
Change component parameters (AddParameter): Name = "Max Reverse Leakage Current"; Value = "1uA"; VariantName = "[No Variations]"
Change component parameters (AddParameter): Name = "Max Surge Current"; Value = "9.3A"; VariantName = "[No Variations]"
Change component parameters (AddParameter): Name = "Min Breakdown Voltage"; Value = "44.4V"; VariantName = "[No Variations]"
Change component parameters (AddParameter): Name = "Min Operating Temperature"; Value = "-55°C"; VariantName = "[No Variations]"
Change component parameters (AddParameter): Name = "Mount"; Value = "Surface Mount"; VariantName = "[No Variations]"
Change component parameters (AddParameter): Name = "Number of Channels"; Value = "1"; VariantName = "[No Variations]"
Change component parameters (AddParameter): Name = "Number of Elements"; Value = "1"; VariantName = "[No Variations]"
Change component parameters (AddParameter): Name = "Number of Pins"; Value = "2"; VariantName = "[No Variations]"
Change component parameters (AddParameter): Name = "Number of Unidirectional Channels"; Value = "1"; VariantName = "[No Variations]"
Change component parameters (AddParameter): Name = "Operating Supply Voltage"; Value = "40V"; VariantName = "[No Variations]"
Change component parameters (AddParameter): Name = "Package Quantity"; Value = "3000"; VariantName = "[No Variations]"
Change component parameters (AddParameter): Name = "Packaging"; Value = "Tape and Reel"; VariantName = "[No Variations]"
Change component parameters (AddParameter): Name = "Peak Pulse Current"; Value = "9.3A"; VariantName = "[No Variations]"
Change component parameters (AddParameter): Name = "Peak Pulse Power"; Value = "600W"; VariantName = "[No Variations]"
Change component parameters (AddParameter): Name = "Polarity"; Value = "Unidirectional"; VariantName = "[No Variations]"
Change component parameters (AddParameter): Name = "Power Dissipation"; Value = "600W"; VariantName = "[No Variations]"
Change component parameters (AddParameter): Name = "Power Line Protection"; Value = "No"; VariantName = "[No Variations]"
Change component parameters (AddParameter): Name = "Resistor Type"; Value = "Zener"; VariantName = "[No Variations]"
Change component parameters (AddParameter): Name = "Reverse Breakdown Voltage"; Value = "44.4V"; VariantName = "[No Variations]"
Change component parameters (AddParameter): Name = "Reverse Standoff Voltage"; Value = "40V"; VariantName = "[No Variations]"
Change component parameters (AddParameter): Name = "RoHS Compliant"; Value = "Yes"; VariantName = "[No Variations]"
Change component parameters (AddParameter): Name = "Series"; Value = "SMBJ"; VariantName = "[No Variations]"
Change component parameters (AddParameter): Name = "Termination"; Value = "SMD/SMT"; VariantName = "[No Variations]"
Change component parameters (AddParameter): Name = "Test Current"; Value = "1mA"; VariantName = "[No Variations]"
Change component parameters (AddParameter): Name = "Voltage Rating (DC)"; Value = "40V"; VariantName = "[No Variations]"
Change component parameters (AddParameter): Name = "Width"; Value = "3.94mm"; VariantName = "[No Variations]"
Change component parameters: Designator = "D5" ("D5"); Footprint = "FP-SMBJ-MFG"; UniqueID = "\LIDZNRWI" ("\LIDZNRWI")
Change component parameters (AddParameter): Name = "Breakdown Voltage"; Value = "44.4V"; VariantName = "[No Variations]"
Change component parameters (AddParameter): Name = "Case/Package"; Value = "DO-214AA"; VariantName = "[No Variations]"
Change component parameters (AddParameter): Name = "Clamping Voltage"; Value = "64.5V"; VariantName = "[No Variations]"
Change component parameters (AddParameter): Name = "Clamping Voltage-Max"; Value = "64.5V"; VariantName = "[No Variations]"
Change component parameters (AddParameter): Name = "Diode Type"; Value = "ZENER"; VariantName = "[No Variations]"
Change component parameters (AddParameter): Name = "Direction"; Value = "Unidirectional"; VariantName = "[No Variations]"
Change component parameters (AddParameter): Name = "Element Configuration"; Value = "Single"; VariantName = "[No Variations]"
Change component parameters (AddParameter): Name = "Height"; Value = "2.237mm"; VariantName = "[No Variations]"
Change component parameters (AddParameter): Name = "Lead Free"; Value = "Lead Free"; VariantName = "[No Variations]"
Change component parameters (AddParameter): Name = "Leakage Current"; Value = "1uA"; VariantName = "[No Variations]"
Change component parameters (AddParameter): Name = "Length"; Value = "4.57mm"; VariantName = "[No Variations]"
Change component parameters (AddParameter): Name = "Max Breakdown Voltage"; Value = "49.1V"; VariantName = "[No Variations]"
Change component parameters (AddParameter): Name = "Max Operating Temperature"; Value = "150°C"; VariantName = "[No Variations]"
Change component parameters (AddParameter): Name = "Max Power Dissipation"; Value = "5W"; VariantName = "[No Variations]"
Change component parameters (AddParameter): Name = "Max Reverse Leakage Current"; Value = "1uA"; VariantName = "[No Variations]"
Change component parameters (AddParameter): Name = "Max Surge Current"; Value = "9.3A"; VariantName = "[No Variations]"
Change component parameters (AddParameter): Name = "Min Breakdown Voltage"; Value = "44.4V"; VariantName = "[No Variations]"
Change component parameters (AddParameter): Name = "Min Operating Temperature"; Value = "-55°C"; VariantName = "[No Variations]"
Change component parameters (AddParameter): Name = "Mount"; Value = "Surface Mount"; VariantName = "[No Variations]"
Change component parameters (AddParameter): Name = "Number of Channels"; Value = "1"; VariantName = "[No Variations]"
Change component parameters (AddParameter): Name = "Number of Elements"; Value = "1"; VariantName = "[No Variations]"
Change component parameters (AddParameter): Name = "Number of Pins"; Value = "2"; VariantName = "[No Variations]"
Change component parameters (AddParameter): Name = "Number of Unidirectional Channels"; Value = "1"; VariantName = "[No Variations]"
Change component parameters (AddParameter): Name = "Operating Supply Voltage"; Value = "40V"; VariantName = "[No Variations]"
Change component parameters (AddParameter): Name = "Package Quantity"; Value = "3000"; VariantName = "[No Variations]"
Change component parameters (AddParameter): Name = "Packaging"; Value = "Tape and Reel"; VariantName = "[No Variations]"
Change component parameters (AddParameter): Name = "Peak Pulse Current"; Value = "9.3A"; VariantName = "[No Variations]"
Change component parameters (AddParameter): Name = "Peak Pulse Power"; Value = "600W"; VariantName = "[No Variations]"
Change component parameters (AddParameter): Name = "Polarity"; Value = "Unidirectional"; VariantName = "[No Variations]"
Change component parameters (AddParameter): Name = "Power Dissipation"; Value = "600W"; VariantName = "[No Variations]"
Change component parameters (AddParameter): Name = "Power Line Protection"; Value = "No"; VariantName = "[No Variations]"
Change component parameters (AddParameter): Name = "Resistor Type"; Value = "Zener"; VariantName = "[No Variations]"
Change component parameters (AddParameter): Name = "Reverse Breakdown Voltage"; Value = "44.4V"; VariantName = "[No Variations]"
Change component parameters (AddParameter): Name = "Reverse Standoff Voltage"; Value = "40V"; VariantName = "[No Variations]"
Change component parameters (AddParameter): Name = "RoHS Compliant"; Value = "Yes"; VariantName = "[No Variations]"
Change component parameters (AddParameter): Name = "Series"; Value = "SMBJ"; VariantName = "[No Variations]"
Change component parameters (AddParameter): Name = "Termination"; Value = "SMD/SMT"; VariantName = "[No Variations]"
Change component parameters (AddParameter): Name = "Test Current"; Value = "1mA"; VariantName = "[No Variations]"
Change component parameters (AddParameter): Name = "Voltage Rating (DC)"; Value = "40V"; VariantName = "[No Variations]"
Change component parameters (AddParameter): Name = "Width"; Value = "3.94mm"; VariantName = "[No Variations]"
Change component parameters: Designator = "D7" ("D7"); Footprint = "FP-318-08-IPC_B"; UniqueID = "\FVOUDTCF" ("\FVOUDTCF")
Change component parameters (AddParameter): Name = "Capacitance"; Value = "1.5pF"; VariantName = "[No Variations]"
Change component parameters (AddParameter): Name = "Case/Package"; Value = "SOT-23"; VariantName = "[No Variations]"
Change component parameters (AddParameter): Name = "Current Rating"; Value = "200mA"; VariantName = "[No Variations]"
Change component parameters (AddParameter): Name = "Forward Current"; Value = "150mA"; VariantName = "[No Variations]"
Change component parameters (AddParameter): Name = "Forward Voltage"; Value = "1.25V"; VariantName = "[No Variations]"
Change component parameters (AddParameter): Name = "Height"; Value = "0.94mm"; VariantName = "[No Variations]"
Change component parameters (AddParameter): Name = "Lead Free"; Value = "Lead Free"; VariantName = "[No Variations]"
Change component parameters (AddParameter): Name = "Length"; Value = "2.9mm"; VariantName = "[No Variations]"
Change component parameters (AddParameter): Name = "Max Forward Surge Current (Ifsm)"; Value = "500mA"; VariantName = "[No Variations]"
Change component parameters (AddParameter): Name = "Max Operating Temperature"; Value = "150°C"; VariantName = "[No Variations]"
Change component parameters (AddParameter): Name = "Max Repetitive Reverse Voltage (Vrrm)"; Value = "70V"; VariantName = "[No Variations]"
Change component parameters (AddParameter): Name = "Min Operating Temperature"; Value = "-65°C"; VariantName = "[No Variations]"
Change component parameters (AddParameter): Name = "Mount"; Value = "Surface Mount"; VariantName = "[No Variations]"
Change component parameters (AddParameter): Name = "Number of Pins"; Value = "3"; VariantName = "[No Variations]"
Change component parameters (AddParameter): Name = "Packaging"; Value = "Tape and Reel"; VariantName = "[No Variations]"
Change component parameters (AddParameter): Name = "Peak Non-Repetitive Surge Current"; Value = "2A"; VariantName = "[No Variations]"
Change component parameters (AddParameter): Name = "Peak Reverse Current"; Value = "2.5uA"; VariantName = "[No Variations]"
Change component parameters (AddParameter): Name = "REACH SVHC"; Value = "No SVHC"; VariantName = "[No Variations]"
Change component parameters (AddParameter): Name = "Reverse Recovery Time"; Value = "6ns"; VariantName = "[No Variations]"
Change component parameters (AddParameter): Name = "Voltage Rating (DC)"; Value = "70V"; VariantName = "[No Variations]"
Change component parameters (AddParameter): Name = "Width"; Value = "1.3mm"; VariantName = "[No Variations]"
Change component parameters: Designator = "D8" ("D8"); Footprint = "FP-318-08-IPC_B"; UniqueID = "\UHJFARXI" ("\UHJFARXI")
Change component parameters (AddParameter): Name = "Capacitance"; Value = "1.5pF"; VariantName = "[No Variations]"
Change component parameters (AddParameter): Name = "Case/Package"; Value = "SOT-23"; VariantName = "[No Variations]"
Change component parameters (AddParameter): Name = "Current Rating"; Value = "200mA"; VariantName = "[No Variations]"
Change component parameters (AddParameter): Name = "Forward Current"; Value = "150mA"; VariantName = "[No Variations]"
Change component parameters (AddParameter): Name = "Forward Voltage"; Value = "1.25V"; VariantName = "[No Variations]"
Change component parameters (AddParameter): Name = "Height"; Value = "0.94mm"; VariantName = "[No Variations]"
Change component parameters (AddParameter): Name = "Lead Free"; Value = "Lead Free"; VariantName = "[No Variations]"
Change component parameters (AddParameter): Name = "Length"; Value = "2.9mm"; VariantName = "[No Variations]"
Change component parameters (AddParameter): Name = "Max Forward Surge Current (Ifsm)"; Value = "500mA"; VariantName = "[No Variations]"
Change component parameters (AddParameter): Name = "Max Operating Temperature"; Value = "150°C"; VariantName = "[No Variations]"
Change component parameters (AddParameter): Name = "Max Repetitive Reverse Voltage (Vrrm)"; Value = "70V"; VariantName = "[No Variations]"
Change component parameters (AddParameter): Name = "Min Operating Temperature"; Value = "-65°C"; VariantName = "[No Variations]"
Change component parameters (AddParameter): Name = "Mount"; Value = "Surface Mount"; VariantName = "[No Variations]"
Change component parameters (AddParameter): Name = "Number of Pins"; Value = "3"; VariantName = "[No Variations]"
Change component parameters (AddParameter): Name = "Packaging"; Value = "Tape and Reel"; VariantName = "[No Variations]"
Change component parameters (AddParameter): Name = "Peak Non-Repetitive Surge Current"; Value = "2A"; VariantName = "[No Variations]"
Change component parameters (AddParameter): Name = "Peak Reverse Current"; Value = "2.5uA"; VariantName = "[No Variations]"
Change component parameters (AddParameter): Name = "REACH SVHC"; Value = "No SVHC"; VariantName = "[No Variations]"
Change component parameters (AddParameter): Name = "Reverse Recovery Time"; Value = "6ns"; VariantName = "[No Variations]"
Change component parameters (AddParameter): Name = "Voltage Rating (DC)"; Value = "70V"; VariantName = "[No Variations]"
Change component parameters (AddParameter): Name = "Width"; Value = "1.3mm"; VariantName = "[No Variations]"
Change component parameters: Designator = "C4" ("C4"); Footprint = "C0805"; UniqueID = "\BOFIMRVS" ("\BOFIMRVS")
Change component parameters (AddParameter): Name = "AddInBom"; Value = "yes"; VariantName = "[No Variations]"
Change component parameters (AddParameter): Name = "Channel ID"; Value = ""; VariantName = "[No Variations]"
Change component parameters (AddParameter): Name = "ConvertToPcb"; Value = "yes"; VariantName = "[No Variations]"
Change component parameters (AddParameter): Name = "Datasheet"; Value = "https://item.szlcsc.com/datasheet/VJ0805A100FXACW1BC/2269676.html"; VariantName = "[No Variations]"
Change component parameters (AddParameter): Name = "Design Item ID"; Value = "VJ0805A100FXACW1BC"; VariantName = "[No Variations]"
Change component parameters (AddParameter): Name = "Device"; Value = "VJ0805A100FXACW1BC"; VariantName = "[No Variations]"
Change component parameters (AddParameter): Name = "FootprintName"; Value = "C0805"; VariantName = "[No Variations]"
Change component parameters (AddParameter): Name = "Group ID"; Value = ""; VariantName = "[No Variations]"
Change component parameters (AddParameter): Name = "JLCPCB Part Class"; Value = "Extended Part"; VariantName = "[No Variations]"
Change component parameters (AddParameter): Name = "LCSC Part Name"; Value = "10pF ±1% 50V"; VariantName = "[No Variations]"
Change component parameters (AddParameter): Name = "Manufacturer"; Value = "VISHAY(??)"; VariantName = "[No Variations]"
Change component parameters (AddParameter): Name = "Manufacturer Part Number"; Value = "VJ0805A100FXACW1BC"; VariantName = "[No Variations]"
Change component parameters (AddParameter): Name = "ModelId"; Value = "8c88e81f49c6409b980720ec8953afb6?0819f05c4eef4c71ace90d822a990e87"; VariantName = "[No Variations]"
Change component parameters (AddParameter): Name = "ModelName"; Value = "C0805_L2.0-W1.3-H1.3"; VariantName = "[No Variations]"
Change component parameters (AddParameter): Name = "ModelTransform"; Value = "78.74,51.181,0,0,0,0,0,0.0005,0"; VariantName = "[No Variations]"
Change component parameters (AddParameter): Name = "Reuse Block"; Value = ""; VariantName = "[No Variations]"
Change component parameters (AddParameter): Name = "Source"; Value = "P1.SCHLIB"; VariantName = "[No Variations]"
Change component parameters (AddParameter): Name = "Supplier Footprint"; Value = "0805"; VariantName = "[No Variations]"
Change component parameters (AddParameter): Name = "Supplier Part Number"; Value = "C2177610"; VariantName = "[No Variations]"
Change component parameters (AddParameter): Name = "Symbol"; Value = "VJ0805A100FXACW1BC"; VariantName = "[No Variations]"
Change component parameters (AddParameter): Name = "Temperature Coefficient"; Value = "C0G"; VariantName = "[No Variations]"
Change component parameters (AddParameter): Name = "Tolerance"; Value = "1%"; VariantName = "[No Variations]"
Change component parameters (AddParameter): Name = "Value"; Value = "10pF"; VariantName = "[No Variations]"
Change component parameters (AddParameter): Name = "Voltage Rating"; Value = "50V"; VariantName = "[No Variations]"
Change component parameters: Designator = "C5" ("C5"); Footprint = "C0805"; UniqueID = "\VLZZWYMA" ("\VLZZWYMA")
Change component parameters (AddParameter): Name = "AddInBom"; Value = "yes"; VariantName = "[No Variations]"
Change component parameters (AddParameter): Name = "Channel ID"; Value = ""; VariantName = "[No Variations]"
Change component parameters (AddParameter): Name = "ConvertToPcb"; Value = "yes"; VariantName = "[No Variations]"
Change component parameters (AddParameter): Name = "Datasheet"; Value = "https://item.szlcsc.com/datasheet/0805CG220F500NT/208470.html"; VariantName = "[No Variations]"
Change component parameters (AddParameter): Name = "Design Item ID"; Value = "0805CG220F500NT"; VariantName = "[No Variations]"
Change component parameters (AddParameter): Name = "Device"; Value = "0805CG220F500NT"; VariantName = "[No Variations]"
Change component parameters (AddParameter): Name = "FootprintName"; Value = "C0805"; VariantName = "[No Variations]"
Change component parameters (AddParameter): Name = "Group ID"; Value = ""; VariantName = "[No Variations]"
Change component parameters (AddParameter): Name = "JLCPCB Part Class"; Value = "Extended Part"; VariantName = "[No Variations]"
Change component parameters (AddParameter): Name = "LCSC Part Name"; Value = "22pF ±1% 50V"; VariantName = "[No Variations]"
Change component parameters (AddParameter): Name = "Manufacturer"; Value = "FH(??)"; VariantName = "[No Variations]"
Change component parameters (AddParameter): Name = "Manufacturer Part Number"; Value = "0805CG220F500NT"; VariantName = "[No Variations]"
Change component parameters (AddParameter): Name = "ModelId"; Value = "8c88e81f49c6409b980720ec8953afb6?0819f05c4eef4c71ace90d822a990e87"; VariantName = "[No Variations]"
Change component parameters (AddParameter): Name = "ModelName"; Value = "C0805_L2.0-W1.3-H1.3"; VariantName = "[No Variations]"
Change component parameters (AddParameter): Name = "ModelTransform"; Value = "78.74,51.181,0,0,0,0,0,0.0005,0"; VariantName = "[No Variations]"
Change component parameters (AddParameter): Name = "Reuse Block"; Value = ""; VariantName = "[No Variations]"
Change component parameters (AddParameter): Name = "Source"; Value = "P1.SCHLIB"; VariantName = "[No Variations]"
Change component parameters (AddParameter): Name = "Supplier Footprint"; Value = "0805"; VariantName = "[No Variations]"
Change component parameters (AddParameter): Name = "Supplier Part Number"; Value = "C190088"; VariantName = "[No Variations]"
Change component parameters (AddParameter): Name = "Symbol"; Value = "0805CG220F500NT"; VariantName = "[No Variations]"
Change component parameters (AddParameter): Name = "Temperature Coefficient"; Value = "C0G"; VariantName = "[No Variations]"
Change component parameters (AddParameter): Name = "Tolerance"; Value = "1%"; VariantName = "[No Variations]"
Change component parameters (AddParameter): Name = "Value"; Value = "22pF"; VariantName = "[No Variations]"
Change component parameters (AddParameter): Name = "Voltage Rating"; Value = "50V"; VariantName = "[No Variations]"
Change component parameters: Designator = "C7" ("C7"); Footprint = "C0805"; UniqueID = "\ZWTBQKDN" ("\ZWTBQKDN")
Change component parameters (AddParameter): Name = "AddInBom"; Value = "yes"; VariantName = "[No Variations]"
Change component parameters (AddParameter): Name = "Channel ID"; Value = ""; VariantName = "[No Variations]"
Change component parameters (AddParameter): Name = "ConvertToPcb"; Value = "yes"; VariantName = "[No Variations]"
Change component parameters (AddParameter): Name = "Datasheet"; Value = "https://item.szlcsc.com/datasheet/VJ0805A100FXACW1BC/2269676.html"; VariantName = "[No Variations]"
Change component parameters (AddParameter): Name = "Design Item ID"; Value = "VJ0805A100FXACW1BC"; VariantName = "[No Variations]"
Change component parameters (AddParameter): Name = "Device"; Value = "VJ0805A100FXACW1BC"; VariantName = "[No Variations]"
Change component parameters (AddParameter): Name = "FootprintName"; Value = "C0805"; VariantName = "[No Variations]"
Change component parameters (AddParameter): Name = "Group ID"; Value = ""; VariantName = "[No Variations]"
Change component parameters (AddParameter): Name = "JLCPCB Part Class"; Value = "Extended Part"; VariantName = "[No Variations]"
Change component parameters (AddParameter): Name = "LCSC Part Name"; Value = "10pF ±1% 50V"; VariantName = "[No Variations]"
Change component parameters (AddParameter): Name = "Manufacturer"; Value = "VISHAY(??)"; VariantName = "[No Variations]"
Change component parameters (AddParameter): Name = "Manufacturer Part Number"; Value = "VJ0805A100FXACW1BC"; VariantName = "[No Variations]"
Change component parameters (AddParameter): Name = "ModelId"; Value = "8c88e81f49c6409b980720ec8953afb6?0819f05c4eef4c71ace90d822a990e87"; VariantName = "[No Variations]"
Change component parameters (AddParameter): Name = "ModelName"; Value = "C0805_L2.0-W1.3-H1.3"; VariantName = "[No Variations]"
Change component parameters (AddParameter): Name = "ModelTransform"; Value = "78.74,51.181,0,0,0,0,0,0.0005,0"; VariantName = "[No Variations]"
Change component parameters (AddParameter): Name = "Reuse Block"; Value = ""; VariantName = "[No Variations]"
Change component parameters (AddParameter): Name = "Source"; Value = "P1.SCHLIB"; VariantName = "[No Variations]"
Change component parameters (AddParameter): Name = "Supplier Footprint"; Value = "0805"; VariantName = "[No Variations]"
Change component parameters (AddParameter): Name = "Supplier Part Number"; Value = "C2177610"; VariantName = "[No Variations]"
Change component parameters (AddParameter): Name = "Symbol"; Value = "VJ0805A100FXACW1BC"; VariantName = "[No Variations]"
Change component parameters (AddParameter): Name = "Temperature Coefficient"; Value = "C0G"; VariantName = "[No Variations]"
Change component parameters (AddParameter): Name = "Tolerance"; Value = "1%"; VariantName = "[No Variations]"
Change component parameters (AddParameter): Name = "Value"; Value = "10pF"; VariantName = "[No Variations]"
Change component parameters (AddParameter): Name = "Voltage Rating"; Value = "50V"; VariantName = "[No Variations]"
Change component parameters: Designator = "C8" ("C8"); Footprint = "C0805"; UniqueID = "\SXWHXMGQ" ("\SXWHXMGQ")
Change component parameters (AddParameter): Name = "AddInBom"; Value = "yes"; VariantName = "[No Variations]"
Change component parameters (AddParameter): Name = "Channel ID"; Value = ""; VariantName = "[No Variations]"
Change component parameters (AddParameter): Name = "ConvertToPcb"; Value = "yes"; VariantName = "[No Variations]"
Change component parameters (AddParameter): Name = "Datasheet"; Value = "https://item.szlcsc.com/datasheet/0805CG160J500NT/2148.html"; VariantName = "[No Variations]"
Change component parameters (AddParameter): Name = "Design Item ID"; Value = "0805CG160J500NT"; VariantName = "[No Variations]"
Change component parameters (AddParameter): Name = "Device"; Value = "0805CG160J500NT"; VariantName = "[No Variations]"
Change component parameters (AddParameter): Name = "FootprintName"; Value = "C0805"; VariantName = "[No Variations]"
Change component parameters (AddParameter): Name = "Group ID"; Value = ""; VariantName = "[No Variations]"
Change component parameters (AddParameter): Name = "JLCPCB Part Class"; Value = "Extended Part"; VariantName = "[No Variations]"
Change component parameters (AddParameter): Name = "LCSC Part Name"; Value = "16pF ±5% 50V"; VariantName = "[No Variations]"
Change component parameters (AddParameter): Name = "Manufacturer"; Value = "FH(??)"; VariantName = "[No Variations]"
Change component parameters (AddParameter): Name = "Manufacturer Part Number"; Value = "0805CG160J500NT"; VariantName = "[No Variations]"
Change component parameters (AddParameter): Name = "ModelId"; Value = "8c88e81f49c6409b980720ec8953afb6?0819f05c4eef4c71ace90d822a990e87"; VariantName = "[No Variations]"
Change component parameters (AddParameter): Name = "ModelName"; Value = "C0805_L2.0-W1.3-H1.3"; VariantName = "[No Variations]"
Change component parameters (AddParameter): Name = "ModelTransform"; Value = "78.74,51.181,0,0,0,0,0,0.0005,0"; VariantName = "[No Variations]"
Change component parameters (AddParameter): Name = "Reuse Block"; Value = ""; VariantName = "[No Variations]"
Change component parameters (AddParameter): Name = "Source"; Value = "P1.SCHLIB"; VariantName = "[No Variations]"
Change component parameters (AddParameter): Name = "Supplier Footprint"; Value = "0805"; VariantName = "[No Variations]"
Change component parameters (AddParameter): Name = "Supplier Part Number"; Value = "C1796"; VariantName = "[No Variations]"
Change component parameters (AddParameter): Name = "Symbol"; Value = "0805CG160J500NT"; VariantName = "[No Variations]"
Change component parameters (AddParameter): Name = "Temperature Coefficient"; Value = "C0G"; VariantName = "[No Variations]"
Change component parameters (AddParameter): Name = "Tolerance"; Value = "5%"; VariantName = "[No Variations]"
Change component parameters (AddParameter): Name = "Value"; Value = "16pF"; VariantName = "[No Variations]"
Change component parameters (AddParameter): Name = "Voltage Rating"; Value = "50V"; VariantName = "[No Variations]"
Change component parameters: Designator = "C9" ("C9"); Footprint = "C0805"; UniqueID = "\MYDFRATV" ("\MYDFRATV")
Change component parameters (AddParameter): Name = "AddInBom"; Value = "yes"; VariantName = "[No Variations]"
Change component parameters (AddParameter): Name = "Channel ID"; Value = ""; VariantName = "[No Variations]"
Change component parameters (AddParameter): Name = "ConvertToPcb"; Value = "yes"; VariantName = "[No Variations]"
Change component parameters (AddParameter): Name = "Datasheet"; Value = "https://item.szlcsc.com/datasheet/CC0805JRX7R9BB104/112720.html"; VariantName = "[No Variations]"
Change component parameters (AddParameter): Name = "Design Item ID"; Value = "CC0805JRX7R9BB104"; VariantName = "[No Variations]"
Change component parameters (AddParameter): Name = "Device"; Value = "CC0805JRX7R9BB104"; VariantName = "[No Variations]"
Change component parameters (AddParameter): Name = "FootprintName"; Value = "C0805"; VariantName = "[No Variations]"
Change component parameters (AddParameter): Name = "Group ID"; Value = ""; VariantName = "[No Variations]"
Change component parameters (AddParameter): Name = "JLCPCB Part Class"; Value = "Extended Part"; VariantName = "[No Variations]"
Change component parameters (AddParameter): Name = "LCSC Part Name"; Value = "100nF ±5% 50V"; VariantName = "[No Variations]"
Change component parameters (AddParameter): Name = "Manufacturer"; Value = "YAGEO(??)"; VariantName = "[No Variations]"
Change component parameters (AddParameter): Name = "Manufacturer Part Number"; Value = "CC0805JRX7R9BB104"; VariantName = "[No Variations]"
Change component parameters (AddParameter): Name = "ModelId"; Value = "8c88e81f49c6409b980720ec8953afb6?0819f05c4eef4c71ace90d822a990e87"; VariantName = "[No Variations]"
Change component parameters (AddParameter): Name = "ModelName"; Value = "C0805_L2.0-W1.3-H1.3"; VariantName = "[No Variations]"
Change component parameters (AddParameter): Name = "ModelTransform"; Value = "78.74,51.181,0,0,0,0,0,0.0005,0"; VariantName = "[No Variations]"
Change component parameters (AddParameter): Name = "Reuse Block"; Value = ""; VariantName = "[No Variations]"
Change component parameters (AddParameter): Name = "Source"; Value = "P1.SCHLIB"; VariantName = "[No Variations]"
Change component parameters (AddParameter): Name = "Supplier Footprint"; Value = "0805"; VariantName = "[No Variations]"
Change component parameters (AddParameter): Name = "Supplier Part Number"; Value = "C111492"; VariantName = "[No Variations]"
Change component parameters (AddParameter): Name = "Symbol"; Value = "CC0805JRX7R9BB104"; VariantName = "[No Variations]"
Change component parameters (AddParameter): Name = "Temperature Coefficient"; Value = "X7R"; VariantName = "[No Variations]"
Change component parameters (AddParameter): Name = "Tolerance"; Value = "5%"; VariantName = "[No Variations]"
Change component parameters (AddParameter): Name = "Value"; Value = "100nF"; VariantName = "[No Variations]"
Change component parameters (AddParameter): Name = "Voltage Rating"; Value = "50V"; VariantName = "[No Variations]"
Change component parameters: Designator = "C10" ("C10"); Footprint = "C0805"; UniqueID = "\SXXBBMGS" ("\SXXBBMGS")
Change component parameters (AddParameter): Name = "AddInBom"; Value = "yes"; VariantName = "[No Variations]"
Change component parameters (AddParameter): Name = "Channel ID"; Value = ""; VariantName = "[No Variations]"
Change component parameters (AddParameter): Name = "ConvertToPcb"; Value = "yes"; VariantName = "[No Variations]"
Change component parameters (AddParameter): Name = "Datasheet"; Value = "https://item.szlcsc.com/datasheet/CC0805JRX7R9BB104/112720.html"; VariantName = "[No Variations]"
Change component parameters (AddParameter): Name = "Design Item ID"; Value = "CC0805JRX7R9BB104"; VariantName = "[No Variations]"
Change component parameters (AddParameter): Name = "Device"; Value = "CC0805JRX7R9BB104"; VariantName = "[No Variations]"
Change component parameters (AddParameter): Name = "FootprintName"; Value = "C0805"; VariantName = "[No Variations]"
Change component parameters (AddParameter): Name = "Group ID"; Value = ""; VariantName = "[No Variations]"
Change component parameters (AddParameter): Name = "JLCPCB Part Class"; Value = "Extended Part"; VariantName = "[No Variations]"
Change component parameters (AddParameter): Name = "LCSC Part Name"; Value = "100nF ±5% 50V"; VariantName = "[No Variations]"
Change component parameters (AddParameter): Name = "Manufacturer"; Value = "YAGEO(??)"; VariantName = "[No Variations]"
Change component parameters (AddParameter): Name = "Manufacturer Part Number"; Value = "CC0805JRX7R9BB104"; VariantName = "[No Variations]"
Change component parameters (AddParameter): Name = "ModelId"; Value = "8c88e81f49c6409b980720ec8953afb6?0819f05c4eef4c71ace90d822a990e87"; VariantName = "[No Variations]"
Change component parameters (AddParameter): Name = "ModelName"; Value = "C0805_L2.0-W1.3-H1.3"; VariantName = "[No Variations]"
Change component parameters (AddParameter): Name = "ModelTransform"; Value = "78.74,51.181,0,0,0,0,0,0.0005,0"; VariantName = "[No Variations]"
Change component parameters (AddParameter): Name = "Reuse Block"; Value = ""; VariantName = "[No Variations]"
Change component parameters (AddParameter): Name = "Source"; Value = "P1.SCHLIB"; VariantName = "[No Variations]"
Change component parameters (AddParameter): Name = "Supplier Footprint"; Value = "0805"; VariantName = "[No Variations]"
Change component parameters (AddParameter): Name = "Supplier Part Number"; Value = "C111492"; VariantName = "[No Variations]"
Change component parameters (AddParameter): Name = "Symbol"; Value = "CC0805JRX7R9BB104"; VariantName = "[No Variations]"
Change component parameters (AddParameter): Name = "Temperature Coefficient"; Value = "X7R"; VariantName = "[No Variations]"
Change component parameters (AddParameter): Name = "Tolerance"; Value = "5%"; VariantName = "[No Variations]"
Change component parameters (AddParameter): Name = "Value"; Value = "100nF"; VariantName = "[No Variations]"
Change component parameters (AddParameter): Name = "Voltage Rating"; Value = "50V"; VariantName = "[No Variations]"
Change component parameters: Designator = "C14" ("C14"); Footprint = "C0805"; UniqueID = "\ZXRRPGFW" ("\ZXRRPGFW")
Change component parameters (AddParameter): Name = "AddInBom"; Value = "yes"; VariantName = "[No Variations]"
Change component parameters (AddParameter): Name = "Channel ID"; Value = ""; VariantName = "[No Variations]"
Change component parameters (AddParameter): Name = "ConvertToPcb"; Value = "yes"; VariantName = "[No Variations]"
Change component parameters (AddParameter): Name = "Datasheet"; Value = "https://item.szlcsc.com/datasheet/0805CG220F500NT/208470.html"; VariantName = "[No Variations]"
Change component parameters (AddParameter): Name = "Design Item ID"; Value = "0805CG220F500NT"; VariantName = "[No Variations]"
Change component parameters (AddParameter): Name = "Device"; Value = "0805CG220F500NT"; VariantName = "[No Variations]"
Change component parameters (AddParameter): Name = "FootprintName"; Value = "C0805"; VariantName = "[No Variations]"
Change component parameters (AddParameter): Name = "Group ID"; Value = ""; VariantName = "[No Variations]"
Change component parameters (AddParameter): Name = "JLCPCB Part Class"; Value = "Extended Part"; VariantName = "[No Variations]"
Change component parameters (AddParameter): Name = "LCSC Part Name"; Value = "22pF ±1% 50V"; VariantName = "[No Variations]"
Change component parameters (AddParameter): Name = "Manufacturer"; Value = "FH(??)"; VariantName = "[No Variations]"
Change component parameters (AddParameter): Name = "Manufacturer Part Number"; Value = "0805CG220F500NT"; VariantName = "[No Variations]"
Change component parameters (AddParameter): Name = "ModelId"; Value = "8c88e81f49c6409b980720ec8953afb6?0819f05c4eef4c71ace90d822a990e87"; VariantName = "[No Variations]"
Change component parameters (AddParameter): Name = "ModelName"; Value = "C0805_L2.0-W1.3-H1.3"; VariantName = "[No Variations]"
Change component parameters (AddParameter): Name = "ModelTransform"; Value = "78.74,51.181,0,0,0,0,0,0.0005,0"; VariantName = "[No Variations]"
Change component parameters (AddParameter): Name = "Reuse Block"; Value = ""; VariantName = "[No Variations]"
Change component parameters (AddParameter): Name = "Source"; Value = "P1.SCHLIB"; VariantName = "[No Variations]"
Change component parameters (AddParameter): Name = "Supplier Footprint"; Value = "0805"; VariantName = "[No Variations]"
Change component parameters (AddParameter): Name = "Supplier Part Number"; Value = "C190088"; VariantName = "[No Variations]"
Change component parameters (AddParameter): Name = "Symbol"; Value = "0805CG220F500NT"; VariantName = "[No Variations]"
Change component parameters (AddParameter): Name = "Temperature Coefficient"; Value = "C0G"; VariantName = "[No Variations]"
Change component parameters (AddParameter): Name = "Tolerance"; Value = "1%"; VariantName = "[No Variations]"
Change component parameters (AddParameter): Name = "Value"; Value = "22pF"; VariantName = "[No Variations]"
Change component parameters (AddParameter): Name = "Voltage Rating"; Value = "50V"; VariantName = "[No Variations]"
Change component parameters: Designator = "C16" ("C16"); Footprint = "C0805"; UniqueID = "\GUKFVBKH" ("\GUKFVBKH")
Change component parameters (AddParameter): Name = "AddInBom"; Value = "yes"; VariantName = "[No Variations]"
Change component parameters (AddParameter): Name = "Channel ID"; Value = ""; VariantName = "[No Variations]"
Change component parameters (AddParameter): Name = "ConvertToPcb"; Value = "yes"; VariantName = "[No Variations]"
Change component parameters (AddParameter): Name = "Datasheet"; Value = "https://item.szlcsc.com/datasheet/VJ0805A100FXACW1BC/2269676.html"; VariantName = "[No Variations]"
Change component parameters (AddParameter): Name = "Design Item ID"; Value = "VJ0805A100FXACW1BC"; VariantName = "[No Variations]"
Change component parameters (AddParameter): Name = "Device"; Value = "VJ0805A100FXACW1BC"; VariantName = "[No Variations]"
Change component parameters (AddParameter): Name = "FootprintName"; Value = "C0805"; VariantName = "[No Variations]"
Change component parameters (AddParameter): Name = "Group ID"; Value = ""; VariantName = "[No Variations]"
Change component parameters (AddParameter): Name = "JLCPCB Part Class"; Value = "Extended Part"; VariantName = "[No Variations]"
Change component parameters (AddParameter): Name = "LCSC Part Name"; Value = "10pF ±1% 50V"; VariantName = "[No Variations]"
Change component parameters (AddParameter): Name = "Manufacturer"; Value = "VISHAY(??)"; VariantName = "[No Variations]"
Change component parameters (AddParameter): Name = "Manufacturer Part Number"; Value = "VJ0805A100FXACW1BC"; VariantName = "[No Variations]"
Change component parameters (AddParameter): Name = "ModelId"; Value = "8c88e81f49c6409b980720ec8953afb6?0819f05c4eef4c71ace90d822a990e87"; VariantName = "[No Variations]"
Change component parameters (AddParameter): Name = "ModelName"; Value = "C0805_L2.0-W1.3-H1.3"; VariantName = "[No Variations]"
Change component parameters (AddParameter): Name = "ModelTransform"; Value = "78.74,51.181,0,0,0,0,0,0.0005,0"; VariantName = "[No Variations]"
Change component parameters (AddParameter): Name = "Reuse Block"; Value = ""; VariantName = "[No Variations]"
Change component parameters (AddParameter): Name = "Source"; Value = "P1.SCHLIB"; VariantName = "[No Variations]"
Change component parameters (AddParameter): Name = "Supplier Footprint"; Value = "0805"; VariantName = "[No Variations]"
Change component parameters (AddParameter): Name = "Supplier Part Number"; Value = "C2177610"; VariantName = "[No Variations]"
Change component parameters (AddParameter): Name = "Symbol"; Value = "VJ0805A100FXACW1BC"; VariantName = "[No Variations]"
Change component parameters (AddParameter): Name = "Temperature Coefficient"; Value = "C0G"; VariantName = "[No Variations]"
Change component parameters (AddParameter): Name = "Tolerance"; Value = "1%"; VariantName = "[No Variations]"
Change component parameters (AddParameter): Name = "Value"; Value = "10pF"; VariantName = "[No Variations]"
Change component parameters (AddParameter): Name = "Voltage Rating"; Value = "50V"; VariantName = "[No Variations]"
Change component parameters: Designator = "C17" ("C17"); Footprint = "C0805"; UniqueID = "\RTFCBHPB" ("\RTFCBHPB")
Change component parameters (AddParameter): Name = "AddInBom"; Value = "yes"; VariantName = "[No Variations]"
Change component parameters (AddParameter): Name = "Channel ID"; Value = ""; VariantName = "[No Variations]"
Change component parameters (AddParameter): Name = "ConvertToPcb"; Value = "yes"; VariantName = "[No Variations]"
Change component parameters (AddParameter): Name = "Datasheet"; Value = "https://item.szlcsc.com/datasheet/VJ0805A100FXACW1BC/2269676.html"; VariantName = "[No Variations]"
Change component parameters (AddParameter): Name = "Design Item ID"; Value = "VJ0805A100FXACW1BC"; VariantName = "[No Variations]"
Change component parameters (AddParameter): Name = "Device"; Value = "VJ0805A100FXACW1BC"; VariantName = "[No Variations]"
Change component parameters (AddParameter): Name = "FootprintName"; Value = "C0805"; VariantName = "[No Variations]"
Change component parameters (AddParameter): Name = "Group ID"; Value = ""; VariantName = "[No Variations]"
Change component parameters (AddParameter): Name = "JLCPCB Part Class"; Value = "Extended Part"; VariantName = "[No Variations]"
Change component parameters (AddParameter): Name = "LCSC Part Name"; Value = "10pF ±1% 50V"; VariantName = "[No Variations]"
Change component parameters (AddParameter): Name = "Manufacturer"; Value = "VISHAY(??)"; VariantName = "[No Variations]"
Change component parameters (AddParameter): Name = "Manufacturer Part Number"; Value = "VJ0805A100FXACW1BC"; VariantName = "[No Variations]"
Change component parameters (AddParameter): Name = "ModelId"; Value = "8c88e81f49c6409b980720ec8953afb6?0819f05c4eef4c71ace90d822a990e87"; VariantName = "[No Variations]"
Change component parameters (AddParameter): Name = "ModelName"; Value = "C0805_L2.0-W1.3-H1.3"; VariantName = "[No Variations]"
Change component parameters (AddParameter): Name = "ModelTransform"; Value = "78.74,51.181,0,0,0,0,0,0.0005,0"; VariantName = "[No Variations]"
Change component parameters (AddParameter): Name = "Reuse Block"; Value = ""; VariantName = "[No Variations]"
Change component parameters (AddParameter): Name = "Source"; Value = "P1.SCHLIB"; VariantName = "[No Variations]"
Change component parameters (AddParameter): Name = "Supplier Footprint"; Value = "0805"; VariantName = "[No Variations]"
Change component parameters (AddParameter): Name = "Supplier Part Number"; Value = "C2177610"; VariantName = "[No Variations]"
Change component parameters (AddParameter): Name = "Symbol"; Value = "VJ0805A100FXACW1BC"; VariantName = "[No Variations]"
Change component parameters (AddParameter): Name = "Temperature Coefficient"; Value = "C0G"; VariantName = "[No Variations]"
Change component parameters (AddParameter): Name = "Tolerance"; Value = "1%"; VariantName = "[No Variations]"
Change component parameters (AddParameter): Name = "Value"; Value = "10pF"; VariantName = "[No Variations]"
Change component parameters (AddParameter): Name = "Voltage Rating"; Value = "50V"; VariantName = "[No Variations]"
Change component parameters: Designator = "C18" ("C18"); Footprint = "C0805"; UniqueID = "\UHDKDBGT" ("\UHDKDBGT")
Change component parameters (AddParameter): Name = "AddInBom"; Value = "yes"; VariantName = "[No Variations]"
Change component parameters (AddParameter): Name = "Channel ID"; Value = ""; VariantName = "[No Variations]"
Change component parameters (AddParameter): Name = "ConvertToPcb"; Value = "yes"; VariantName = "[No Variations]"
Change component parameters (AddParameter): Name = "Datasheet"; Value = "https://item.szlcsc.com/datasheet/0805CG160J500NT/2148.html"; VariantName = "[No Variations]"
Change component parameters (AddParameter): Name = "Design Item ID"; Value = "0805CG160J500NT"; VariantName = "[No Variations]"
Change component parameters (AddParameter): Name = "Device"; Value = "0805CG160J500NT"; VariantName = "[No Variations]"
Change component parameters (AddParameter): Name = "FootprintName"; Value = "C0805"; VariantName = "[No Variations]"
Change component parameters (AddParameter): Name = "Group ID"; Value = ""; VariantName = "[No Variations]"
Change component parameters (AddParameter): Name = "JLCPCB Part Class"; Value = "Extended Part"; VariantName = "[No Variations]"
Change component parameters (AddParameter): Name = "LCSC Part Name"; Value = "16pF ±5% 50V"; VariantName = "[No Variations]"
Change component parameters (AddParameter): Name = "Manufacturer"; Value = "FH(??)"; VariantName = "[No Variations]"
Change component parameters (AddParameter): Name = "Manufacturer Part Number"; Value = "0805CG160J500NT"; VariantName = "[No Variations]"
Change component parameters (AddParameter): Name = "ModelId"; Value = "8c88e81f49c6409b980720ec8953afb6?0819f05c4eef4c71ace90d822a990e87"; VariantName = "[No Variations]"
Change component parameters (AddParameter): Name = "ModelName"; Value = "C0805_L2.0-W1.3-H1.3"; VariantName = "[No Variations]"
Change component parameters (AddParameter): Name = "ModelTransform"; Value = "78.74,51.181,0,0,0,0,0,0.0005,0"; VariantName = "[No Variations]"
Change component parameters (AddParameter): Name = "Reuse Block"; Value = ""; VariantName = "[No Variations]"
Change component parameters (AddParameter): Name = "Source"; Value = "P1.SCHLIB"; VariantName = "[No Variations]"
Change component parameters (AddParameter): Name = "Supplier Footprint"; Value = "0805"; VariantName = "[No Variations]"
Change component parameters (AddParameter): Name = "Supplier Part Number"; Value = "C1796"; VariantName = "[No Variations]"
Change component parameters (AddParameter): Name = "Symbol"; Value = "0805CG160J500NT"; VariantName = "[No Variations]"
Change component parameters (AddParameter): Name = "Temperature Coefficient"; Value = "C0G"; VariantName = "[No Variations]"
Change component parameters (AddParameter): Name = "Tolerance"; Value = "5%"; VariantName = "[No Variations]"
Change component parameters (AddParameter): Name = "Value"; Value = "16pF"; VariantName = "[No Variations]"
Change component parameters (AddParameter): Name = "Voltage Rating"; Value = "50V"; VariantName = "[No Variations]"
Change component parameters: Designator = "C20" ("C20"); Footprint = "C0805"; UniqueID = "\TBWDEPFN" ("\TBWDEPFN")
Change component parameters (AddParameter): Name = "AddInBom"; Value = "yes"; VariantName = "[No Variations]"
Change component parameters (AddParameter): Name = "Channel ID"; Value = ""; VariantName = "[No Variations]"
Change component parameters (AddParameter): Name = "ConvertToPcb"; Value = "yes"; VariantName = "[No Variations]"
Change component parameters (AddParameter): Name = "Datasheet"; Value = "https://item.szlcsc.com/datasheet/CC0805JRX7R9BB104/112720.html"; VariantName = "[No Variations]"
Change component parameters (AddParameter): Name = "Design Item ID"; Value = "CC0805JRX7R9BB104"; VariantName = "[No Variations]"
Change component parameters (AddParameter): Name = "Device"; Value = "CC0805JRX7R9BB104"; VariantName = "[No Variations]"
Change component parameters (AddParameter): Name = "FootprintName"; Value = "C0805"; VariantName = "[No Variations]"
Change component parameters (AddParameter): Name = "Group ID"; Value = ""; VariantName = "[No Variations]"
Change component parameters (AddParameter): Name = "JLCPCB Part Class"; Value = "Extended Part"; VariantName = "[No Variations]"
Change component parameters (AddParameter): Name = "LCSC Part Name"; Value = "100nF ±5% 50V"; VariantName = "[No Variations]"
Change component parameters (AddParameter): Name = "Manufacturer"; Value = "YAGEO(??)"; VariantName = "[No Variations]"
Change component parameters (AddParameter): Name = "Manufacturer Part Number"; Value = "CC0805JRX7R9BB104"; VariantName = "[No Variations]"
Change component parameters (AddParameter): Name = "ModelId"; Value = "8c88e81f49c6409b980720ec8953afb6?0819f05c4eef4c71ace90d822a990e87"; VariantName = "[No Variations]"
Change component parameters (AddParameter): Name = "ModelName"; Value = "C0805_L2.0-W1.3-H1.3"; VariantName = "[No Variations]"
Change component parameters (AddParameter): Name = "ModelTransform"; Value = "78.74,51.181,0,0,0,0,0,0.0005,0"; VariantName = "[No Variations]"
Change component parameters (AddParameter): Name = "Reuse Block"; Value = ""; VariantName = "[No Variations]"
Change component parameters (AddParameter): Name = "Source"; Value = "P1.SCHLIB"; VariantName = "[No Variations]"
Change component parameters (AddParameter): Name = "Supplier Footprint"; Value = "0805"; VariantName = "[No Variations]"
Change component parameters (AddParameter): Name = "Supplier Part Number"; Value = "C111492"; VariantName = "[No Variations]"
Change component parameters (AddParameter): Name = "Symbol"; Value = "CC0805JRX7R9BB104"; VariantName = "[No Variations]"
Change component parameters (AddParameter): Name = "Temperature Coefficient"; Value = "X7R"; VariantName = "[No Variations]"
Change component parameters (AddParameter): Name = "Tolerance"; Value = "5%"; VariantName = "[No Variations]"
Change component parameters (AddParameter): Name = "Value"; Value = "100nF"; VariantName = "[No Variations]"
Change component parameters (AddParameter): Name = "Voltage Rating"; Value = "50V"; VariantName = "[No Variations]"
Change component parameters: Designator = "C21" ("C21"); Footprint = "C0805"; UniqueID = "\CRETVTDW" ("\CRETVTDW")
Change component parameters (AddParameter): Name = "AddInBom"; Value = "yes"; VariantName = "[No Variations]"
Change component parameters (AddParameter): Name = "Channel ID"; Value = ""; VariantName = "[No Variations]"
Change component parameters (AddParameter): Name = "ConvertToPcb"; Value = "yes"; VariantName = "[No Variations]"
Change component parameters (AddParameter): Name = "Datasheet"; Value = "https://item.szlcsc.com/datasheet/CC0805JRX7R9BB104/112720.html"; VariantName = "[No Variations]"
Change component parameters (AddParameter): Name = "Design Item ID"; Value = "CC0805JRX7R9BB104"; VariantName = "[No Variations]"
Change component parameters (AddParameter): Name = "Device"; Value = "CC0805JRX7R9BB104"; VariantName = "[No Variations]"
Change component parameters (AddParameter): Name = "FootprintName"; Value = "C0805"; VariantName = "[No Variations]"
Change component parameters (AddParameter): Name = "Group ID"; Value = ""; VariantName = "[No Variations]"
Change component parameters (AddParameter): Name = "JLCPCB Part Class"; Value = "Extended Part"; VariantName = "[No Variations]"
Change component parameters (AddParameter): Name = "LCSC Part Name"; Value = "100nF ±5% 50V"; VariantName = "[No Variations]"
Change component parameters (AddParameter): Name = "Manufacturer"; Value = "YAGEO(??)"; VariantName = "[No Variations]"
Change component parameters (AddParameter): Name = "Manufacturer Part Number"; Value = "CC0805JRX7R9BB104"; VariantName = "[No Variations]"
Change component parameters (AddParameter): Name = "ModelId"; Value = "8c88e81f49c6409b980720ec8953afb6?0819f05c4eef4c71ace90d822a990e87"; VariantName = "[No Variations]"
Change component parameters (AddParameter): Name = "ModelName"; Value = "C0805_L2.0-W1.3-H1.3"; VariantName = "[No Variations]"
Change component parameters (AddParameter): Name = "ModelTransform"; Value = "78.74,51.181,0,0,0,0,0,0.0005,0"; VariantName = "[No Variations]"
Change component parameters (AddParameter): Name = "Reuse Block"; Value = ""; VariantName = "[No Variations]"
Change component parameters (AddParameter): Name = "Source"; Value = "P1.SCHLIB"; VariantName = "[No Variations]"
Change component parameters (AddParameter): Name = "Supplier Footprint"; Value = "0805"; VariantName = "[No Variations]"
Change component parameters (AddParameter): Name = "Supplier Part Number"; Value = "C111492"; VariantName = "[No Variations]"
Change component parameters (AddParameter): Name = "Symbol"; Value = "CC0805JRX7R9BB104"; VariantName = "[No Variations]"
Change component parameters (AddParameter): Name = "Temperature Coefficient"; Value = "X7R"; VariantName = "[No Variations]"
Change component parameters (AddParameter): Name = "Tolerance"; Value = "5%"; VariantName = "[No Variations]"
Change component parameters (AddParameter): Name = "Value"; Value = "100nF"; VariantName = "[No Variations]"
Change component parameters (AddParameter): Name = "Voltage Rating"; Value = "50V"; VariantName = "[No Variations]"
Change component parameters: Designator = "C22" ("C22"); Footprint = "C0805"; UniqueID = "\OPJVJMIO" ("\OPJVJMIO")
Change component parameters (AddParameter): Name = "AddInBom"; Value = "yes"; VariantName = "[No Variations]"
Change component parameters (AddParameter): Name = "Channel ID"; Value = ""; VariantName = "[No Variations]"
Change component parameters (AddParameter): Name = "ConvertToPcb"; Value = "yes"; VariantName = "[No Variations]"
Change component parameters (AddParameter): Name = "Datasheet"; Value = "https://item.szlcsc.com/datasheet/CC0805JRX7R9BB104/112720.html"; VariantName = "[No Variations]"
Change component parameters (AddParameter): Name = "Design Item ID"; Value = "CC0805JRX7R9BB104"; VariantName = "[No Variations]"
Change component parameters (AddParameter): Name = "Device"; Value = "CC0805JRX7R9BB104"; VariantName = "[No Variations]"
Change component parameters (AddParameter): Name = "FootprintName"; Value = "C0805"; VariantName = "[No Variations]"
Change component parameters (AddParameter): Name = "Group ID"; Value = ""; VariantName = "[No Variations]"
Change component parameters (AddParameter): Name = "JLCPCB Part Class"; Value = "Extended Part"; VariantName = "[No Variations]"
Change component parameters (AddParameter): Name = "LCSC Part Name"; Value = "100nF ±5% 50V"; VariantName = "[No Variations]"
Change component parameters (AddParameter): Name = "Manufacturer"; Value = "YAGEO(??)"; VariantName = "[No Variations]"
Change component parameters (AddParameter): Name = "Manufacturer Part Number"; Value = "CC0805JRX7R9BB104"; VariantName = "[No Variations]"
Change component parameters (AddParameter): Name = "ModelId"; Value = "8c88e81f49c6409b980720ec8953afb6?0819f05c4eef4c71ace90d822a990e87"; VariantName = "[No Variations]"
Change component parameters (AddParameter): Name = "ModelName"; Value = "C0805_L2.0-W1.3-H1.3"; VariantName = "[No Variations]"
Change component parameters (AddParameter): Name = "ModelTransform"; Value = "78.74,51.181,0,0,0,0,0,0.0005,0"; VariantName = "[No Variations]"
Change component parameters (AddParameter): Name = "Reuse Block"; Value = ""; VariantName = "[No Variations]"
Change component parameters (AddParameter): Name = "Source"; Value = "P1.SCHLIB"; VariantName = "[No Variations]"
Change component parameters (AddParameter): Name = "Supplier Footprint"; Value = "0805"; VariantName = "[No Variations]"
Change component parameters (AddParameter): Name = "Supplier Part Number"; Value = "C111492"; VariantName = "[No Variations]"
Change component parameters (AddParameter): Name = "Symbol"; Value = "CC0805JRX7R9BB104"; VariantName = "[No Variations]"
Change component parameters (AddParameter): Name = "Temperature Coefficient"; Value = "X7R"; VariantName = "[No Variations]"
Change component parameters (AddParameter): Name = "Tolerance"; Value = "5%"; VariantName = "[No Variations]"
Change component parameters (AddParameter): Name = "Value"; Value = "100nF"; VariantName = "[No Variations]"
Change component parameters (AddParameter): Name = "Voltage Rating"; Value = "50V"; VariantName = "[No Variations]"
Change component parameters: Designator = "C24" ("C24"); Footprint = "C0805"; UniqueID = "\ZEHJSMFL" ("\ZEHJSMFL")
Change component parameters (AddParameter): Name = "AddInBom"; Value = "yes"; VariantName = "[No Variations]"
Change component parameters (AddParameter): Name = "Channel ID"; Value = ""; VariantName = "[No Variations]"
Change component parameters (AddParameter): Name = "ConvertToPcb"; Value = "yes"; VariantName = "[No Variations]"
Change component parameters (AddParameter): Name = "Datasheet"; Value = "https://item.szlcsc.com/datasheet/CC0805JRX7R9BB104/112720.html"; VariantName = "[No Variations]"
Change component parameters (AddParameter): Name = "Design Item ID"; Value = "CC0805JRX7R9BB104"; VariantName = "[No Variations]"
Change component parameters (AddParameter): Name = "Device"; Value = "CC0805JRX7R9BB104"; VariantName = "[No Variations]"
Change component parameters (AddParameter): Name = "FootprintName"; Value = "C0805"; VariantName = "[No Variations]"
Change component parameters (AddParameter): Name = "Group ID"; Value = ""; VariantName = "[No Variations]"
Change component parameters (AddParameter): Name = "JLCPCB Part Class"; Value = "Extended Part"; VariantName = "[No Variations]"
Change component parameters (AddParameter): Name = "LCSC Part Name"; Value = "100nF ±5% 50V"; VariantName = "[No Variations]"
Change component parameters (AddParameter): Name = "Manufacturer"; Value = "YAGEO(??)"; VariantName = "[No Variations]"
Change component parameters (AddParameter): Name = "Manufacturer Part Number"; Value = "CC0805JRX7R9BB104"; VariantName = "[No Variations]"
Change component parameters (AddParameter): Name = "ModelId"; Value = "8c88e81f49c6409b980720ec8953afb6?0819f05c4eef4c71ace90d822a990e87"; VariantName = "[No Variations]"
Change component parameters (AddParameter): Name = "ModelName"; Value = "C0805_L2.0-W1.3-H1.3"; VariantName = "[No Variations]"
Change component parameters (AddParameter): Name = "ModelTransform"; Value = "78.74,51.181,0,0,0,0,0,0.0005,0"; VariantName = "[No Variations]"
Change component parameters (AddParameter): Name = "Reuse Block"; Value = ""; VariantName = "[No Variations]"
Change component parameters (AddParameter): Name = "Source"; Value = "P1.SCHLIB"; VariantName = "[No Variations]"
Change component parameters (AddParameter): Name = "Supplier Footprint"; Value = "0805"; VariantName = "[No Variations]"
Change component parameters (AddParameter): Name = "Supplier Part Number"; Value = "C111492"; VariantName = "[No Variations]"
Change component parameters (AddParameter): Name = "Symbol"; Value = "CC0805JRX7R9BB104"; VariantName = "[No Variations]"
Change component parameters (AddParameter): Name = "Temperature Coefficient"; Value = "X7R"; VariantName = "[No Variations]"
Change component parameters (AddParameter): Name = "Tolerance"; Value = "5%"; VariantName = "[No Variations]"
Change component parameters (AddParameter): Name = "Value"; Value = "100nF"; VariantName = "[No Variations]"
Change component parameters (AddParameter): Name = "Voltage Rating"; Value = "50V"; VariantName = "[No Variations]"
Change component parameters: Designator = "C25" ("C25"); Footprint = "C0805"; UniqueID = "\NEPRXVJH" ("\NEPRXVJH")
Change component parameters (AddParameter): Name = "AddInBom"; Value = "yes"; VariantName = "[No Variations]"
Change component parameters (AddParameter): Name = "Channel ID"; Value = ""; VariantName = "[No Variations]"
Change component parameters (AddParameter): Name = "ConvertToPcb"; Value = "yes"; VariantName = "[No Variations]"
Change component parameters (AddParameter): Name = "Datasheet"; Value = "https://item.szlcsc.com/datasheet/CC0805JRX7R9BB104/112720.html"; VariantName = "[No Variations]"
Change component parameters (AddParameter): Name = "Design Item ID"; Value = "CC0805JRX7R9BB104"; VariantName = "[No Variations]"
Change component parameters (AddParameter): Name = "Device"; Value = "CC0805JRX7R9BB104"; VariantName = "[No Variations]"
Change component parameters (AddParameter): Name = "FootprintName"; Value = "C0805"; VariantName = "[No Variations]"
Change component parameters (AddParameter): Name = "Group ID"; Value = ""; VariantName = "[No Variations]"
Change component parameters (AddParameter): Name = "JLCPCB Part Class"; Value = "Extended Part"; VariantName = "[No Variations]"
Change component parameters (AddParameter): Name = "LCSC Part Name"; Value = "100nF ±5% 50V"; VariantName = "[No Variations]"
Change component parameters (AddParameter): Name = "Manufacturer"; Value = "YAGEO(??)"; VariantName = "[No Variations]"
Change component parameters (AddParameter): Name = "Manufacturer Part Number"; Value = "CC0805JRX7R9BB104"; VariantName = "[No Variations]"
Change component parameters (AddParameter): Name = "ModelId"; Value = "8c88e81f49c6409b980720ec8953afb6?0819f05c4eef4c71ace90d822a990e87"; VariantName = "[No Variations]"
Change component parameters (AddParameter): Name = "ModelName"; Value = "C0805_L2.0-W1.3-H1.3"; VariantName = "[No Variations]"
Change component parameters (AddParameter): Name = "ModelTransform"; Value = "78.74,51.181,0,0,0,0,0,0.0005,0"; VariantName = "[No Variations]"
Change component parameters (AddParameter): Name = "Reuse Block"; Value = ""; VariantName = "[No Variations]"
Change component parameters (AddParameter): Name = "Source"; Value = "P1.SCHLIB"; VariantName = "[No Variations]"
Change component parameters (AddParameter): Name = "Supplier Footprint"; Value = "0805"; VariantName = "[No Variations]"
Change component parameters (AddParameter): Name = "Supplier Part Number"; Value = "C111492"; VariantName = "[No Variations]"
Change component parameters (AddParameter): Name = "Symbol"; Value = "CC0805JRX7R9BB104"; VariantName = "[No Variations]"
Change component parameters (AddParameter): Name = "Temperature Coefficient"; Value = "X7R"; VariantName = "[No Variations]"
Change component parameters (AddParameter): Name = "Tolerance"; Value = "5%"; VariantName = "[No Variations]"
Change component parameters (AddParameter): Name = "Value"; Value = "100nF"; VariantName = "[No Variations]"
Change component parameters (AddParameter): Name = "Voltage Rating"; Value = "50V"; VariantName = "[No Variations]"
Change component parameters: Designator = "C26" ("C26"); Footprint = "C0805"; UniqueID = "\CUUOCAUK" ("\CUUOCAUK")
Change component parameters (AddParameter): Name = "AddInBom"; Value = "yes"; VariantName = "[No Variations]"
Change component parameters (AddParameter): Name = "Channel ID"; Value = ""; VariantName = "[No Variations]"
Change component parameters (AddParameter): Name = "ConvertToPcb"; Value = "yes"; VariantName = "[No Variations]"
Change component parameters (AddParameter): Name = "Datasheet"; Value = "https://item.szlcsc.com/datasheet/CC0805JRX7R9BB104/112720.html"; VariantName = "[No Variations]"
Change component parameters (AddParameter): Name = "Design Item ID"; Value = "CC0805JRX7R9BB104"; VariantName = "[No Variations]"
Change component parameters (AddParameter): Name = "Device"; Value = "CC0805JRX7R9BB104"; VariantName = "[No Variations]"
Change component parameters (AddParameter): Name = "FootprintName"; Value = "C0805"; VariantName = "[No Variations]"
Change component parameters (AddParameter): Name = "Group ID"; Value = ""; VariantName = "[No Variations]"
Change component parameters (AddParameter): Name = "JLCPCB Part Class"; Value = "Extended Part"; VariantName = "[No Variations]"
Change component parameters (AddParameter): Name = "LCSC Part Name"; Value = "100nF ±5% 50V"; VariantName = "[No Variations]"
Change component parameters (AddParameter): Name = "Manufacturer"; Value = "YAGEO(??)"; VariantName = "[No Variations]"
Change component parameters (AddParameter): Name = "Manufacturer Part Number"; Value = "CC0805JRX7R9BB104"; VariantName = "[No Variations]"
Change component parameters (AddParameter): Name = "ModelId"; Value = "8c88e81f49c6409b980720ec8953afb6?0819f05c4eef4c71ace90d822a990e87"; VariantName = "[No Variations]"
Change component parameters (AddParameter): Name = "ModelName"; Value = "C0805_L2.0-W1.3-H1.3"; VariantName = "[No Variations]"
Change component parameters (AddParameter): Name = "ModelTransform"; Value = "78.74,51.181,0,0,0,0,0,0.0005,0"; VariantName = "[No Variations]"
Change component parameters (AddParameter): Name = "Reuse Block"; Value = ""; VariantName = "[No Variations]"
Change component parameters (AddParameter): Name = "Source"; Value = "P1.SCHLIB"; VariantName = "[No Variations]"
Change component parameters (AddParameter): Name = "Supplier Footprint"; Value = "0805"; VariantName = "[No Variations]"
Change component parameters (AddParameter): Name = "Supplier Part Number"; Value = "C111492"; VariantName = "[No Variations]"
Change component parameters (AddParameter): Name = "Symbol"; Value = "CC0805JRX7R9BB104"; VariantName = "[No Variations]"
Change component parameters (AddParameter): Name = "Temperature Coefficient"; Value = "X7R"; VariantName = "[No Variations]"
Change component parameters (AddParameter): Name = "Tolerance"; Value = "5%"; VariantName = "[No Variations]"
Change component parameters (AddParameter): Name = "Value"; Value = "100nF"; VariantName = "[No Variations]"
Change component parameters (AddParameter): Name = "Voltage Rating"; Value = "50V"; VariantName = "[No Variations]"
Change component parameters: Designator = "C27" ("C27"); Footprint = "C0805"; UniqueID = "\SXSJYMEW" ("\SXSJYMEW")
Change component parameters (AddParameter): Name = "AddInBom"; Value = "yes"; VariantName = "[No Variations]"
Change component parameters (AddParameter): Name = "Channel ID"; Value = ""; VariantName = "[No Variations]"
Change component parameters (AddParameter): Name = "ConvertToPcb"; Value = "yes"; VariantName = "[No Variations]"
Change component parameters (AddParameter): Name = "Datasheet"; Value = "https://item.szlcsc.com/datasheet/CC0805JRX7R9BB104/112720.html"; VariantName = "[No Variations]"
Change component parameters (AddParameter): Name = "Design Item ID"; Value = "CC0805JRX7R9BB104"; VariantName = "[No Variations]"
Change component parameters (AddParameter): Name = "Device"; Value = "CC0805JRX7R9BB104"; VariantName = "[No Variations]"
Change component parameters (AddParameter): Name = "FootprintName"; Value = "C0805"; VariantName = "[No Variations]"
Change component parameters (AddParameter): Name = "Group ID"; Value = ""; VariantName = "[No Variations]"
Change component parameters (AddParameter): Name = "JLCPCB Part Class"; Value = "Extended Part"; VariantName = "[No Variations]"
Change component parameters (AddParameter): Name = "LCSC Part Name"; Value = "100nF ±5% 50V"; VariantName = "[No Variations]"
Change component parameters (AddParameter): Name = "Manufacturer"; Value = "YAGEO(??)"; VariantName = "[No Variations]"
Change component parameters (AddParameter): Name = "Manufacturer Part Number"; Value = "CC0805JRX7R9BB104"; VariantName = "[No Variations]"
Change component parameters (AddParameter): Name = "ModelId"; Value = "8c88e81f49c6409b980720ec8953afb6?0819f05c4eef4c71ace90d822a990e87"; VariantName = "[No Variations]"
Change component parameters (AddParameter): Name = "ModelName"; Value = "C0805_L2.0-W1.3-H1.3"; VariantName = "[No Variations]"
Change component parameters (AddParameter): Name = "ModelTransform"; Value = "78.74,51.181,0,0,0,0,0,0.0005,0"; VariantName = "[No Variations]"
Change component parameters (AddParameter): Name = "Reuse Block"; Value = ""; VariantName = "[No Variations]"
Change component parameters (AddParameter): Name = "Source"; Value = "P1.SCHLIB"; VariantName = "[No Variations]"
Change component parameters (AddParameter): Name = "Supplier Footprint"; Value = "0805"; VariantName = "[No Variations]"
Change component parameters (AddParameter): Name = "Supplier Part Number"; Value = "C111492"; VariantName = "[No Variations]"
Change component parameters (AddParameter): Name = "Symbol"; Value = "CC0805JRX7R9BB104"; VariantName = "[No Variations]"
Change component parameters (AddParameter): Name = "Temperature Coefficient"; Value = "X7R"; VariantName = "[No Variations]"
Change component parameters (AddParameter): Name = "Tolerance"; Value = "5%"; VariantName = "[No Variations]"
Change component parameters (AddParameter): Name = "Value"; Value = "100nF"; VariantName = "[No Variations]"
Change component parameters (AddParameter): Name = "Voltage Rating"; Value = "50V"; VariantName = "[No Variations]"
Change component parameters: Designator = "C28" ("C28"); Footprint = "C0805"; UniqueID = "\YYTKDUXG" ("\YYTKDUXG")
Change component parameters (AddParameter): Name = "AddInBom"; Value = "yes"; VariantName = "[No Variations]"
Change component parameters (AddParameter): Name = "Channel ID"; Value = ""; VariantName = "[No Variations]"
Change component parameters (AddParameter): Name = "ConvertToPcb"; Value = "yes"; VariantName = "[No Variations]"
Change component parameters (AddParameter): Name = "Datasheet"; Value = "https://item.szlcsc.com/datasheet/CC0805JRX7R9BB104/112720.html"; VariantName = "[No Variations]"
Change component parameters (AddParameter): Name = "Design Item ID"; Value = "CC0805JRX7R9BB104"; VariantName = "[No Variations]"
Change component parameters (AddParameter): Name = "Device"; Value = "CC0805JRX7R9BB104"; VariantName = "[No Variations]"
Change component parameters (AddParameter): Name = "FootprintName"; Value = "C0805"; VariantName = "[No Variations]"
Change component parameters (AddParameter): Name = "Group ID"; Value = ""; VariantName = "[No Variations]"
Change component parameters (AddParameter): Name = "JLCPCB Part Class"; Value = "Extended Part"; VariantName = "[No Variations]"
Change component parameters (AddParameter): Name = "LCSC Part Name"; Value = "100nF ±5% 50V"; VariantName = "[No Variations]"
Change component parameters (AddParameter): Name = "Manufacturer"; Value = "YAGEO(??)"; VariantName = "[No Variations]"
Change component parameters (AddParameter): Name = "Manufacturer Part Number"; Value = "CC0805JRX7R9BB104"; VariantName = "[No Variations]"
Change component parameters (AddParameter): Name = "ModelId"; Value = "8c88e81f49c6409b980720ec8953afb6?0819f05c4eef4c71ace90d822a990e87"; VariantName = "[No Variations]"
Change component parameters (AddParameter): Name = "ModelName"; Value = "C0805_L2.0-W1.3-H1.3"; VariantName = "[No Variations]"
Change component parameters (AddParameter): Name = "ModelTransform"; Value = "78.74,51.181,0,0,0,0,0,0.0005,0"; VariantName = "[No Variations]"
Change component parameters (AddParameter): Name = "Reuse Block"; Value = ""; VariantName = "[No Variations]"
Change component parameters (AddParameter): Name = "Source"; Value = "P1.SCHLIB"; VariantName = "[No Variations]"
Change component parameters (AddParameter): Name = "Supplier Footprint"; Value = "0805"; VariantName = "[No Variations]"
Change component parameters (AddParameter): Name = "Supplier Part Number"; Value = "C111492"; VariantName = "[No Variations]"
Change component parameters (AddParameter): Name = "Symbol"; Value = "CC0805JRX7R9BB104"; VariantName = "[No Variations]"
Change component parameters (AddParameter): Name = "Temperature Coefficient"; Value = "X7R"; VariantName = "[No Variations]"
Change component parameters (AddParameter): Name = "Tolerance"; Value = "5%"; VariantName = "[No Variations]"
Change component parameters (AddParameter): Name = "Value"; Value = "100nF"; VariantName = "[No Variations]"
Change component parameters (AddParameter): Name = "Voltage Rating"; Value = "50V"; VariantName = "[No Variations]"
Change component parameters: Designator = "C29" ("C29"); Footprint = "C0805"; UniqueID = "\EOZNGTZD" ("\EOZNGTZD")
Change component parameters (AddParameter): Name = "AddInBom"; Value = "yes"; VariantName = "[No Variations]"
Change component parameters (AddParameter): Name = "Channel ID"; Value = ""; VariantName = "[No Variations]"
Change component parameters (AddParameter): Name = "ConvertToPcb"; Value = "yes"; VariantName = "[No Variations]"
Change component parameters (AddParameter): Name = "Datasheet"; Value = "https://item.szlcsc.com/datasheet/CC0805JRX7R9BB104/112720.html"; VariantName = "[No Variations]"
Change component parameters (AddParameter): Name = "Design Item ID"; Value = "CC0805JRX7R9BB104"; VariantName = "[No Variations]"
Change component parameters (AddParameter): Name = "Device"; Value = "CC0805JRX7R9BB104"; VariantName = "[No Variations]"
Change component parameters (AddParameter): Name = "FootprintName"; Value = "C0805"; VariantName = "[No Variations]"
Change component parameters (AddParameter): Name = "Group ID"; Value = ""; VariantName = "[No Variations]"
Change component parameters (AddParameter): Name = "JLCPCB Part Class"; Value = "Extended Part"; VariantName = "[No Variations]"
Change component parameters (AddParameter): Name = "LCSC Part Name"; Value = "100nF ±5% 50V"; VariantName = "[No Variations]"
Change component parameters (AddParameter): Name = "Manufacturer"; Value = "YAGEO(??)"; VariantName = "[No Variations]"
Change component parameters (AddParameter): Name = "Manufacturer Part Number"; Value = "CC0805JRX7R9BB104"; VariantName = "[No Variations]"
Change component parameters (AddParameter): Name = "ModelId"; Value = "8c88e81f49c6409b980720ec8953afb6?0819f05c4eef4c71ace90d822a990e87"; VariantName = "[No Variations]"
Change component parameters (AddParameter): Name = "ModelName"; Value = "C0805_L2.0-W1.3-H1.3"; VariantName = "[No Variations]"
Change component parameters (AddParameter): Name = "ModelTransform"; Value = "78.74,51.181,0,0,0,0,0,0.0005,0"; VariantName = "[No Variations]"
Change component parameters (AddParameter): Name = "Reuse Block"; Value = ""; VariantName = "[No Variations]"
Change component parameters (AddParameter): Name = "Source"; Value = "P1.SCHLIB"; VariantName = "[No Variations]"
Change component parameters (AddParameter): Name = "Supplier Footprint"; Value = "0805"; VariantName = "[No Variations]"
Change component parameters (AddParameter): Name = "Supplier Part Number"; Value = "C111492"; VariantName = "[No Variations]"
Change component parameters (AddParameter): Name = "Symbol"; Value = "CC0805JRX7R9BB104"; VariantName = "[No Variations]"
Change component parameters (AddParameter): Name = "Temperature Coefficient"; Value = "X7R"; VariantName = "[No Variations]"
Change component parameters (AddParameter): Name = "Tolerance"; Value = "5%"; VariantName = "[No Variations]"
Change component parameters (AddParameter): Name = "Value"; Value = "100nF"; VariantName = "[No Variations]"
Change component parameters (AddParameter): Name = "Voltage Rating"; Value = "50V"; VariantName = "[No Variations]"
Change component parameters: Designator = "C19" ("C19"); Footprint = "C0805"; UniqueID = "\TRSSZQBC" ("\TRSSZQBC")
Change component parameters (AddParameter): Name = "AddInBom"; Value = "yes"; VariantName = "[No Variations]"
Change component parameters (AddParameter): Name = "Channel ID"; Value = ""; VariantName = "[No Variations]"
Change component parameters (AddParameter): Name = "ConvertToPcb"; Value = "yes"; VariantName = "[No Variations]"
Change component parameters (AddParameter): Name = "Datasheet"; Value = "https://item.szlcsc.com/datasheet/TCC0805X5R226K100FT/352741.html"; VariantName = "[No Variations]"
Change component parameters (AddParameter): Name = "Design Item ID"; Value = "TCC0805X5R226K100FT"; VariantName = "[No Variations]"
Change component parameters (AddParameter): Name = "Device"; Value = "TCC0805X5R226K100FT"; VariantName = "[No Variations]"
Change component parameters (AddParameter): Name = "FootprintName"; Value = "C0805"; VariantName = "[No Variations]"
Change component parameters (AddParameter): Name = "Group ID"; Value = ""; VariantName = "[No Variations]"
Change component parameters (AddParameter): Name = "JLCPCB Part Class"; Value = "Extended Part"; VariantName = "[No Variations]"
Change component parameters (AddParameter): Name = "LCSC Part Name"; Value = "22uF ±10% 10V"; VariantName = "[No Variations]"
Change component parameters (AddParameter): Name = "Manufacturer"; Value = "CCTC(??)"; VariantName = "[No Variations]"
Change component parameters (AddParameter): Name = "Manufacturer Part Number"; Value = "TCC0805X5R226K100FT"; VariantName = "[No Variations]"
Change component parameters (AddParameter): Name = "ModelId"; Value = "8c88e81f49c6409b980720ec8953afb6?0819f05c4eef4c71ace90d822a990e87"; VariantName = "[No Variations]"
Change component parameters (AddParameter): Name = "ModelName"; Value = "C0805_L2.0-W1.3-H1.3"; VariantName = "[No Variations]"
Change component parameters (AddParameter): Name = "ModelTransform"; Value = "78.74,51.181,0,0,0,0,0,0.0005,0"; VariantName = "[No Variations]"
Change component parameters (AddParameter): Name = "Reuse Block"; Value = ""; VariantName = "[No Variations]"
Change component parameters (AddParameter): Name = "Source"; Value = "P1.SCHLIB"; VariantName = "[No Variations]"
Change component parameters (AddParameter): Name = "Supplier Footprint"; Value = "0805"; VariantName = "[No Variations]"
Change component parameters (AddParameter): Name = "Supplier Part Number"; Value = "C380336"; VariantName = "[No Variations]"
Change component parameters (AddParameter): Name = "Symbol"; Value = "TCC0805X5R226K100FT"; VariantName = "[No Variations]"
Change component parameters (AddParameter): Name = "Temperature Coefficient"; Value = "X5R"; VariantName = "[No Variations]"
Change component parameters (AddParameter): Name = "Tolerance"; Value = "10%"; VariantName = "[No Variations]"
Change component parameters (AddParameter): Name = "Value"; Value = "22µF"; VariantName = "[No Variations]"
Change component parameters (AddParameter): Name = "Voltage Rating"; Value = "10V"; VariantName = "[No Variations]"
Change component parameters: Designator = "C23" ("C23"); Footprint = "C0805"; UniqueID = "\AVEORJMM" ("\AVEORJMM")
Change component parameters (AddParameter): Name = "AddInBom"; Value = "yes"; VariantName = "[No Variations]"
Change component parameters (AddParameter): Name = "Channel ID"; Value = ""; VariantName = "[No Variations]"
Change component parameters (AddParameter): Name = "ConvertToPcb"; Value = "yes"; VariantName = "[No Variations]"
Change component parameters (AddParameter): Name = "Datasheet"; Value = "https://item.szlcsc.com/datasheet/TCC0805X5R226K100FT/352741.html"; VariantName = "[No Variations]"
Change component parameters (AddParameter): Name = "Design Item ID"; Value = "TCC0805X5R226K100FT"; VariantName = "[No Variations]"
Change component parameters (AddParameter): Name = "Device"; Value = "TCC0805X5R226K100FT"; VariantName = "[No Variations]"
Change component parameters (AddParameter): Name = "FootprintName"; Value = "C0805"; VariantName = "[No Variations]"
Change component parameters (AddParameter): Name = "Group ID"; Value = ""; VariantName = "[No Variations]"
Change component parameters (AddParameter): Name = "JLCPCB Part Class"; Value = "Extended Part"; VariantName = "[No Variations]"
Change component parameters (AddParameter): Name = "LCSC Part Name"; Value = "22uF ±10% 10V"; VariantName = "[No Variations]"
Change component parameters (AddParameter): Name = "Manufacturer"; Value = "CCTC(??)"; VariantName = "[No Variations]"
Change component parameters (AddParameter): Name = "Manufacturer Part Number"; Value = "TCC0805X5R226K100FT"; VariantName = "[No Variations]"
Change component parameters (AddParameter): Name = "ModelId"; Value = "8c88e81f49c6409b980720ec8953afb6?0819f05c4eef4c71ace90d822a990e87"; VariantName = "[No Variations]"
Change component parameters (AddParameter): Name = "ModelName"; Value = "C0805_L2.0-W1.3-H1.3"; VariantName = "[No Variations]"
Change component parameters (AddParameter): Name = "ModelTransform"; Value = "78.74,51.181,0,0,0,0,0,0.0005,0"; VariantName = "[No Variations]"
Change component parameters (AddParameter): Name = "Reuse Block"; Value = ""; VariantName = "[No Variations]"
Change component parameters (AddParameter): Name = "Source"; Value = "P1.SCHLIB"; VariantName = "[No Variations]"
Change component parameters (AddParameter): Name = "Supplier Footprint"; Value = "0805"; VariantName = "[No Variations]"
Change component parameters (AddParameter): Name = "Supplier Part Number"; Value = "C380336"; VariantName = "[No Variations]"
Change component parameters (AddParameter): Name = "Symbol"; Value = "TCC0805X5R226K100FT"; VariantName = "[No Variations]"
Change component parameters (AddParameter): Name = "Temperature Coefficient"; Value = "X5R"; VariantName = "[No Variations]"
Change component parameters (AddParameter): Name = "Tolerance"; Value = "10%"; VariantName = "[No Variations]"
Change component parameters (AddParameter): Name = "Value"; Value = "22µF"; VariantName = "[No Variations]"
Change component parameters (AddParameter): Name = "Voltage Rating"; Value = "10V"; VariantName = "[No Variations]"
Change component parameters: Designator = "D2" ("D2"); Footprint = "FP-SMB-CA-MFG"; UniqueID = "\HMLSHUAV" ("\HMLSHUAV")
Change component parameters (AddParameter): Name = "Automotive"; Value = "No"; VariantName = "[No Variations]"
Change component parameters (AddParameter): Name = "Breakdown Voltage"; Value = "6.4V"; VariantName = "[No Variations]"
Change component parameters (AddParameter): Name = "Category"; Value = "Diode"; VariantName = "[No Variations]"
Change component parameters (AddParameter): Name = "Clamping Voltage"; Value = "9.2V"; VariantName = "[No Variations]"
Change component parameters (AddParameter): Name = "ComponentLink2Description"; Value = "Datasheet"; VariantName = "[No Variations]"
Change component parameters (AddParameter): Name = "ComponentLink2URL"; Value = "https://www.diodes.com/assets/Datasheets/ds19002.pdf"; VariantName = "[No Variations]"
Change component parameters (AddParameter): Name = "Device Class L1"; Value = "Circuit Protection"; VariantName = "[No Variations]"
Change component parameters (AddParameter): Name = "Device Class L2"; Value = "TVS Diodes"; VariantName = "[No Variations]"
Change component parameters (AddParameter): Name = "Device Class L3"; Value = "unset"; VariantName = "[No Variations]"
Change component parameters (AddParameter): Name = "Digikey Description"; Value = "TVS DIODE 5V 9.2V SMB"; VariantName = "[No Variations]"
Change component parameters (AddParameter): Name = "Direction"; Value = "Bidirectional"; VariantName = "[No Variations]"
Change component parameters (AddParameter): Name = "Footprint Url"; Value = "https://www.diodes.com/assets/Package-Files/SMB.pdf"; VariantName = "[No Variations]"
Change component parameters (AddParameter): Name = "Height"; Value = "2.5mm"; VariantName = "[No Variations]"
Change component parameters (AddParameter): Name = "Lead Free"; Value = "Yes"; VariantName = "[No Variations]"
Change component parameters (AddParameter): Name = "Manufacturer"; Value = "Diodes Inc"; VariantName = "[No Variations]"
Change component parameters (AddParameter): Name = "Manufacturer Part Number"; Value = "SMBJ5.0CA-13-F"; VariantName = "[No Variations]"
Change component parameters (AddParameter): Name = "Max Junction Temp"; Value = "+150°C"; VariantName = "[No Variations]"
Change component parameters (AddParameter): Name = "Mouser Description"; Value = "TVS Diodes - Transient Voltage Suppressors 600W 5.0V"; VariantName = "[No Variations]"
Change component parameters (AddParameter): Name = "Number Of Channels"; Value = "1"; VariantName = "[No Variations]"
Change component parameters (AddParameter): Name = "Octopart"; Value = "https://octopart.com/smbj5.0ca-13-f-diodes+inc.-13025192"; VariantName = "[No Variations]"
Change component parameters (AddParameter): Name = "Package"; Value = "SMB-CA"; VariantName = "[No Variations]"
Change component parameters (AddParameter): Name = "Peak Pulse Current"; Value = "65.2A"; VariantName = "[No Variations]"
Change component parameters (AddParameter): Name = "Peak Pulse Power"; Value = "600W"; VariantName = "[No Variations]"
Change component parameters (AddParameter): Name = "Reverse Standoff Voltage"; Value = "5V"; VariantName = "[No Variations]"
Change component parameters (AddParameter): Name = "RoHS"; Value = "TRUE"; VariantName = "[No Variations]"
Change component parameters (AddParameter): Name = "Standoff Height"; Value = "0.05mm"; VariantName = "[No Variations]"
Change component parameters (AddParameter): Name = "Temperature"; Value = "-55°C to +150°C"; VariantName = "[No Variations]"
Change component parameters (AddParameter): Name = "Temperature Range High"; Value = "+150°C"; VariantName = "[No Variations]"
Change component parameters (AddParameter): Name = "Temperature Range Low"; Value = "-55°C"; VariantName = "[No Variations]"
Change component parameters: Designator = "D4" ("D4"); Footprint = "FP-SMB-CA-MFG"; UniqueID = "\TRKYNAXI" ("\TRKYNAXI")
Change component parameters (AddParameter): Name = "Automotive"; Value = "No"; VariantName = "[No Variations]"
Change component parameters (AddParameter): Name = "Breakdown Voltage"; Value = "6.4V"; VariantName = "[No Variations]"
Change component parameters (AddParameter): Name = "Category"; Value = "Diode"; VariantName = "[No Variations]"
Change component parameters (AddParameter): Name = "Clamping Voltage"; Value = "9.2V"; VariantName = "[No Variations]"
Change component parameters (AddParameter): Name = "ComponentLink2Description"; Value = "Datasheet"; VariantName = "[No Variations]"
Change component parameters (AddParameter): Name = "ComponentLink2URL"; Value = "https://www.diodes.com/assets/Datasheets/ds19002.pdf"; VariantName = "[No Variations]"
Change component parameters (AddParameter): Name = "Device Class L1"; Value = "Circuit Protection"; VariantName = "[No Variations]"
Change component parameters (AddParameter): Name = "Device Class L2"; Value = "TVS Diodes"; VariantName = "[No Variations]"
Change component parameters (AddParameter): Name = "Device Class L3"; Value = "unset"; VariantName = "[No Variations]"
Change component parameters (AddParameter): Name = "Digikey Description"; Value = "TVS DIODE 5V 9.2V SMB"; VariantName = "[No Variations]"
Change component parameters (AddParameter): Name = "Direction"; Value = "Bidirectional"; VariantName = "[No Variations]"
Change component parameters (AddParameter): Name = "Footprint Url"; Value = "https://www.diodes.com/assets/Package-Files/SMB.pdf"; VariantName = "[No Variations]"
Change component parameters (AddParameter): Name = "Height"; Value = "2.5mm"; VariantName = "[No Variations]"
Change component parameters (AddParameter): Name = "Lead Free"; Value = "Yes"; VariantName = "[No Variations]"
Change component parameters (AddParameter): Name = "Manufacturer"; Value = "Diodes Inc"; VariantName = "[No Variations]"
Change component parameters (AddParameter): Name = "Manufacturer Part Number"; Value = "SMBJ5.0CA-13-F"; VariantName = "[No Variations]"
Change component parameters (AddParameter): Name = "Max Junction Temp"; Value = "+150°C"; VariantName = "[No Variations]"
Change component parameters (AddParameter): Name = "Mouser Description"; Value = "TVS Diodes - Transient Voltage Suppressors 600W 5.0V"; VariantName = "[No Variations]"
Change component parameters (AddParameter): Name = "Number Of Channels"; Value = "1"; VariantName = "[No Variations]"
Change component parameters (AddParameter): Name = "Octopart"; Value = "https://octopart.com/smbj5.0ca-13-f-diodes+inc.-13025192"; VariantName = "[No Variations]"
Change component parameters (AddParameter): Name = "Package"; Value = "SMB-CA"; VariantName = "[No Variations]"
Change component parameters (AddParameter): Name = "Peak Pulse Current"; Value = "65.2A"; VariantName = "[No Variations]"
Change component parameters (AddParameter): Name = "Peak Pulse Power"; Value = "600W"; VariantName = "[No Variations]"
Change component parameters (AddParameter): Name = "Reverse Standoff Voltage"; Value = "5V"; VariantName = "[No Variations]"
Change component parameters (AddParameter): Name = "RoHS"; Value = "TRUE"; VariantName = "[No Variations]"
Change component parameters (AddParameter): Name = "Standoff Height"; Value = "0.05mm"; VariantName = "[No Variations]"
Change component parameters (AddParameter): Name = "Temperature"; Value = "-55°C to +150°C"; VariantName = "[No Variations]"
Change component parameters (AddParameter): Name = "Temperature Range High"; Value = "+150°C"; VariantName = "[No Variations]"
Change component parameters (AddParameter): Name = "Temperature Range Low"; Value = "-55°C"; VariantName = "[No Variations]"
Change component parameters: Designator = "U1" ("U1"); Footprint = "TSOP65P640X120-14N"; UniqueID = "\QVEAFWYT" ("\QVEAFWYT")
Change component parameters (AddParameter): Name = "AddInBom"; Value = ""; VariantName = "[No Variations]"
Change component parameters (AddParameter): Name = "Amplifier Type"; Value = ""; VariantName = "[No Variations]"
Change component parameters (AddParameter): Name = "Case/Package"; Value = "TSSOP"; VariantName = "[No Variations]"
Change component parameters (AddParameter): Name = "Channel ID"; Value = ""; VariantName = "[No Variations]"
Change component parameters (AddParameter): Name = "Common Mode Rejection Ratio"; Value = "45dB"; VariantName = "[No Variations]"
Change component parameters (AddParameter): Name = "ConvertToPcb"; Value = ""; VariantName = "[No Variations]"
Change component parameters (AddParameter): Name = "Current - Supply"; Value = ""; VariantName = "[No Variations]"
Change component parameters (AddParameter): Name = "Datasheet"; Value = ""; VariantName = "[No Variations]"
Change component parameters (AddParameter): Name = "Design Item ID"; Value = ""; VariantName = "[No Variations]"
Change component parameters (AddParameter): Name = "Device"; Value = ""; VariantName = "[No Variations]"
Change component parameters (AddParameter): Name = "FootprintName"; Value = ""; VariantName = "[No Variations]"
Change component parameters (AddParameter): Name = "GAIN"; Value = "120Meg"; VariantName = "[No Variations]"
Change component parameters (AddParameter): Name = "Group ID"; Value = ""; VariantName = "[No Variations]"
Change component parameters (AddParameter): Name = "Height - Seated (Max)"; Value = "1.2mm"; VariantName = "[No Variations]"
Change component parameters (AddParameter): Name = "Ib - Input Bias Current"; Value = ""; VariantName = "[No Variations]"
Change component parameters (AddParameter): Name = "Input Offset Current(Ios)"; Value = ""; VariantName = "[No Variations]"
Change component parameters (AddParameter): Name = "Input Offset Voltage (Vos)"; Value = "5mV"; VariantName = "[No Variations]"
Change component parameters (AddParameter): Name = "Input Offset Voltage Drift(Vos TC)"; Value = ""; VariantName = "[No Variations]"
Change component parameters (AddParameter): Name = "JLCPCB Part Class"; Value = ""; VariantName = "[No Variations]"
Change component parameters (AddParameter): Name = "LCSC Part Name"; Value = ""; VariantName = "[No Variations]"
Change component parameters (AddParameter): Name = "Length"; Value = "4.96mm"; VariantName = "[No Variations]"
Change component parameters (AddParameter): Name = "Manufacturer"; Value = ""; VariantName = "[No Variations]"
Change component parameters (AddParameter): Name = "Max Operating Temperature"; Value = "125°C"; VariantName = "[No Variations]"
Change component parameters (AddParameter): Name = "Max Supply Current"; Value = "48mA"; VariantName = "[No Variations]"
Change component parameters (AddParameter): Name = "Max Supply Voltage"; Value = "7V"; VariantName = "[No Variations]"
Change component parameters (AddParameter): Name = "Min Operating Temperature"; Value = "-40°C"; VariantName = "[No Variations]"
Change component parameters (AddParameter): Name = "ModelId"; Value = ""; VariantName = "[No Variations]"
Change component parameters (AddParameter): Name = "ModelName"; Value = ""; VariantName = "[No Variations]"
Change component parameters (AddParameter): Name = "ModelTransform"; Value = ""; VariantName = "[No Variations]"
Change component parameters (AddParameter): Name = "Nominal Supply Voltage (DC)"; Value = "3V"; VariantName = "[No Variations]"
Change component parameters (AddParameter): Name = "Number of Channels"; Value = ""; VariantName = "[No Variations]"
Change component parameters (AddParameter): Name = "Number of Circuits"; Value = "4"; VariantName = "[No Variations]"
Change component parameters (AddParameter): Name = "Number of Terminals"; Value = "14"; VariantName = "[No Variations]"
Change component parameters (AddParameter): Name = "Operating Temperature"; Value = ""; VariantName = "[No Variations]"
Change component parameters (AddParameter): Name = "Output Current"; Value = ""; VariantName = "[No Variations]"
Change component parameters (AddParameter): Name = "Quiescent Current"; Value = ""; VariantName = "[No Variations]"
Change component parameters (AddParameter): Name = "Rail to Rail"; Value = ""; VariantName = "[No Variations]"
Change component parameters (AddParameter): Name = "Reuse Block"; Value = ""; VariantName = "[No Variations]"
Change component parameters (AddParameter): Name = "RoHS"; Value = "Compliant"; VariantName = "[No Variations]"
Change component parameters (AddParameter): Name = "Single Supply"; Value = ""; VariantName = "[No Variations]"
Change component parameters (AddParameter): Name = "Slew Rate"; Value = "160V/µs"; VariantName = "[No Variations]"
Change component parameters (AddParameter): Name = "Source"; Value = ""; VariantName = "[No Variations]"
Change component parameters (AddParameter): Name = "Supplier Footprint"; Value = ""; VariantName = "[No Variations]"
Change component parameters (AddParameter): Name = "Symbol"; Value = ""; VariantName = "[No Variations]"
Change component parameters (AddParameter): Name = "Temperature Grade"; Value = "Automotive"; VariantName = "[No Variations]"
Change component parameters (AddParameter): Name = "Terminal Pitch"; Value = "650µm"; VariantName = "[No Variations]"
Change component parameters (AddParameter): Name = "Unity Gain Bandwidth Product"; Value = "120MHz"; VariantName = "[No Variations]"
Change component parameters (AddParameter): Name = "Vos - Input Offset Voltage"; Value = ""; VariantName = "[No Variations]"
Change component parameters (AddParameter): Name = "Width"; Value = "4.4mm"; VariantName = "[No Variations]"
Change component parameters: Designator = "U5" ("U5"); Footprint = "TSOP65P640X120-14N"; UniqueID = "\GISHKYJK" ("\GISHKYJK")
Change component parameters (AddParameter): Name = "AddInBom"; Value = ""; VariantName = "[No Variations]"
Change component parameters (AddParameter): Name = "Amplifier Type"; Value = ""; VariantName = "[No Variations]"
Change component parameters (AddParameter): Name = "Case/Package"; Value = "TSSOP"; VariantName = "[No Variations]"
Change component parameters (AddParameter): Name = "Channel ID"; Value = ""; VariantName = "[No Variations]"
Change component parameters (AddParameter): Name = "Common Mode Rejection Ratio"; Value = "45dB"; VariantName = "[No Variations]"
Change component parameters (AddParameter): Name = "ConvertToPcb"; Value = ""; VariantName = "[No Variations]"
Change component parameters (AddParameter): Name = "Current - Supply"; Value = ""; VariantName = "[No Variations]"
Change component parameters (AddParameter): Name = "Datasheet"; Value = ""; VariantName = "[No Variations]"
Change component parameters (AddParameter): Name = "Design Item ID"; Value = ""; VariantName = "[No Variations]"
Change component parameters (AddParameter): Name = "Device"; Value = ""; VariantName = "[No Variations]"
Change component parameters (AddParameter): Name = "FootprintName"; Value = ""; VariantName = "[No Variations]"
Change component parameters (AddParameter): Name = "GAIN"; Value = "120Meg"; VariantName = "[No Variations]"
Change component parameters (AddParameter): Name = "Group ID"; Value = ""; VariantName = "[No Variations]"
Change component parameters (AddParameter): Name = "Height - Seated (Max)"; Value = "1.2mm"; VariantName = "[No Variations]"
Change component parameters (AddParameter): Name = "Ib - Input Bias Current"; Value = ""; VariantName = "[No Variations]"
Change component parameters (AddParameter): Name = "Input Offset Current(Ios)"; Value = ""; VariantName = "[No Variations]"
Change component parameters (AddParameter): Name = "Input Offset Voltage (Vos)"; Value = "5mV"; VariantName = "[No Variations]"
Change component parameters (AddParameter): Name = "Input Offset Voltage Drift(Vos TC)"; Value = ""; VariantName = "[No Variations]"
Change component parameters (AddParameter): Name = "JLCPCB Part Class"; Value = ""; VariantName = "[No Variations]"
Change component parameters (AddParameter): Name = "LCSC Part Name"; Value = ""; VariantName = "[No Variations]"
Change component parameters (AddParameter): Name = "Length"; Value = "4.96mm"; VariantName = "[No Variations]"
Change component parameters (AddParameter): Name = "Manufacturer"; Value = ""; VariantName = "[No Variations]"
Change component parameters (AddParameter): Name = "Max Operating Temperature"; Value = "125°C"; VariantName = "[No Variations]"
Change component parameters (AddParameter): Name = "Max Supply Current"; Value = "48mA"; VariantName = "[No Variations]"
Change component parameters (AddParameter): Name = "Max Supply Voltage"; Value = "7V"; VariantName = "[No Variations]"
Change component parameters (AddParameter): Name = "Min Operating Temperature"; Value = "-40°C"; VariantName = "[No Variations]"
Change component parameters (AddParameter): Name = "ModelId"; Value = ""; VariantName = "[No Variations]"
Change component parameters (AddParameter): Name = "ModelName"; Value = ""; VariantName = "[No Variations]"
Change component parameters (AddParameter): Name = "ModelTransform"; Value = ""; VariantName = "[No Variations]"
Change component parameters (AddParameter): Name = "Nominal Supply Voltage (DC)"; Value = "3V"; VariantName = "[No Variations]"
Change component parameters (AddParameter): Name = "Number of Channels"; Value = ""; VariantName = "[No Variations]"
Change component parameters (AddParameter): Name = "Number of Circuits"; Value = "4"; VariantName = "[No Variations]"
Change component parameters (AddParameter): Name = "Number of Terminals"; Value = "14"; VariantName = "[No Variations]"
Change component parameters (AddParameter): Name = "Operating Temperature"; Value = ""; VariantName = "[No Variations]"
Change component parameters (AddParameter): Name = "Output Current"; Value = ""; VariantName = "[No Variations]"
Change component parameters (AddParameter): Name = "Quiescent Current"; Value = ""; VariantName = "[No Variations]"
Change component parameters (AddParameter): Name = "Rail to Rail"; Value = ""; VariantName = "[No Variations]"
Change component parameters (AddParameter): Name = "Reuse Block"; Value = ""; VariantName = "[No Variations]"
Change component parameters (AddParameter): Name = "RoHS"; Value = "Compliant"; VariantName = "[No Variations]"
Change component parameters (AddParameter): Name = "Single Supply"; Value = ""; VariantName = "[No Variations]"
Change component parameters (AddParameter): Name = "Slew Rate"; Value = "160V/µs"; VariantName = "[No Variations]"
Change component parameters (AddParameter): Name = "Source"; Value = ""; VariantName = "[No Variations]"
Change component parameters (AddParameter): Name = "Supplier Footprint"; Value = ""; VariantName = "[No Variations]"
Change component parameters (AddParameter): Name = "Symbol"; Value = ""; VariantName = "[No Variations]"
Change component parameters (AddParameter): Name = "Temperature Grade"; Value = "Automotive"; VariantName = "[No Variations]"
Change component parameters (AddParameter): Name = "Terminal Pitch"; Value = "650µm"; VariantName = "[No Variations]"
Change component parameters (AddParameter): Name = "Unity Gain Bandwidth Product"; Value = "120MHz"; VariantName = "[No Variations]"
Change component parameters (AddParameter): Name = "Vos - Input Offset Voltage"; Value = ""; VariantName = "[No Variations]"
Change component parameters (AddParameter): Name = "Width"; Value = "4.4mm"; VariantName = "[No Variations]"
Change component parameters: Designator = "BNC1" ("BNC1"); Footprint = "CONN-TH_BNC-KWE-6"; UniqueID = "\QOLMKYKD" ("\QOLMKYKD")
Change component parameters (AddParameter): Name = "3D Model"; Value = "1ee7285c1b8f4c589de2df097266f005?0819f05c4eef4c71ace90d822a990e87"; VariantName = "[No Variations]"
Change component parameters (AddParameter): Name = "3D Model Transform"; Value = "531.016,1338.97378,0,0,0,0,0,-470.511,-149.606"; VariantName = "[No Variations]"
Change component parameters (AddParameter): Name = "AddInBom"; Value = "yes"; VariantName = "[No Variations]"
Change component parameters (AddParameter): Name = "Channel ID"; Value = ""; VariantName = "[No Variations]"
Change component parameters (AddParameter): Name = "Coil Rated Power"; Value = ""; VariantName = "[No Variations]"
Change component parameters (AddParameter): Name = "Coil Resistance"; Value = ""; VariantName = "[No Variations]"
Change component parameters (AddParameter): Name = "Coil Type"; Value = ""; VariantName = "[No Variations]"
Change component parameters (AddParameter): Name = "Coil Voltage"; Value = ""; VariantName = "[No Variations]"
Change component parameters (AddParameter): Name = "Connector Type"; Value = "Board Side"; VariantName = "[No Variations]"
Change component parameters (AddParameter): Name = "Contact Form"; Value = ""; VariantName = "[No Variations]"
Change component parameters (AddParameter): Name = "Contact Material"; Value = ""; VariantName = "[No Variations]"
Change component parameters (AddParameter): Name = "Contact Rating"; Value = ""; VariantName = "[No Variations]"
Change component parameters (AddParameter): Name = "Contact Resistance"; Value = ""; VariantName = "[No Variations]"
Change component parameters (AddParameter): Name = "ConvertToPcb"; Value = "yes"; VariantName = "[No Variations]"
Change component parameters (AddParameter): Name = "Datasheet"; Value = "https://item.szlcsc.com/datasheet/BNC-KWE-6/21743971.html"; VariantName = "[No Variations]"
Change component parameters (AddParameter): Name = "Design Item ID"; Value = "BNC-KWE-6"; VariantName = "[No Variations]"
Change component parameters (AddParameter): Name = "Device"; Value = "BNC-KWE-6"; VariantName = "[No Variations]"
Change component parameters (AddParameter): Name = "FootprintName"; Value = "CONN-TH_BNC-KWE-6"; VariantName = "[No Variations]"
Change component parameters (AddParameter): Name = "Group ID"; Value = ""; VariantName = "[No Variations]"
Change component parameters (AddParameter): Name = "Impedance"; Value = "50O"; VariantName = "[No Variations]"
Change component parameters (AddParameter): Name = "Interface"; Value = "Inner Bore"; VariantName = "[No Variations]"
Change component parameters (AddParameter): Name = "Interface Length/Height"; Value = "12mm"; VariantName = "[No Variations]"
Change component parameters (AddParameter): Name = "JLCPCB Part Class"; Value = "Extended Part"; VariantName = "[No Variations]"
Change component parameters (AddParameter): Name = "LCSC Part Name"; Value = "?? BNC ??"; VariantName = "[No Variations]"
Change component parameters (AddParameter): Name = "Manufacturer"; Value = "cntitle(????)"; VariantName = "[No Variations]"
Change component parameters (AddParameter): Name = "Manufacturer Part Number"; Value = "BNC-KWE-6"; VariantName = "[No Variations]"
Change component parameters (AddParameter): Name = "ModelId"; Value = ""; VariantName = "[No Variations]"
Change component parameters (AddParameter): Name = "ModelName"; Value = "CONN-TH_BNC-KWE-6"; VariantName = "[No Variations]"
Change component parameters (AddParameter): Name = "ModelTransform"; Value = ""; VariantName = "[No Variations]"
Change component parameters (AddParameter): Name = "Number of Pins"; Value = ""; VariantName = "[No Variations]"
Change component parameters (AddParameter): Name = "Number of Ports"; Value = "1"; VariantName = "[No Variations]"
Change component parameters (AddParameter): Name = "Operate Time"; Value = ""; VariantName = "[No Variations]"
Change component parameters (AddParameter): Name = "Operating Temperature"; Value = ""; VariantName = "[No Variations]"
Change component parameters (AddParameter): Name = "Release Time"; Value = ""; VariantName = "[No Variations]"
Change component parameters (AddParameter): Name = "Reuse Block"; Value = ""; VariantName = "[No Variations]"
Change component parameters (AddParameter): Name = "RF Series"; Value = "BNC"; VariantName = "[No Variations]"
Change component parameters (AddParameter): Name = "Source"; Value = "P1.SCHLIB"; VariantName = "[No Variations]"
Change component parameters (AddParameter): Name = "Style"; Value = "Bent tip"; VariantName = "[No Variations]"
Change component parameters (AddParameter): Name = "Supplier Footprint"; Value = "??"; VariantName = "[No Variations]"
Change component parameters (AddParameter): Name = "Supplier Part Number"; Value = "C20415789"; VariantName = "[No Variations]"
Change component parameters (AddParameter): Name = "Switching Current(Max)"; Value = ""; VariantName = "[No Variations]"
Change component parameters (AddParameter): Name = "Switching Voltage(Max)"; Value = ""; VariantName = "[No Variations]"
Change component parameters (AddParameter): Name = "Symbol"; Value = "BNC-KWE-6"; VariantName = "[No Variations]"
Change component parameters (AddParameter): Name = "Value"; Value = "6GHz"; VariantName = "[No Variations]"
Change component parameters: Designator = "BNC2" ("BNC2"); Footprint = "CONN-TH_BNC-KWE-6"; UniqueID = "\AGVHCQXD" ("\AGVHCQXD")
Change component parameters (AddParameter): Name = "3D Model"; Value = "1ee7285c1b8f4c589de2df097266f005?0819f05c4eef4c71ace90d822a990e87"; VariantName = "[No Variations]"
Change component parameters (AddParameter): Name = "3D Model Transform"; Value = "531.016,1338.97378,0,0,0,0,0,-470.511,-149.606"; VariantName = "[No Variations]"
Change component parameters (AddParameter): Name = "AddInBom"; Value = "yes"; VariantName = "[No Variations]"
Change component parameters (AddParameter): Name = "Channel ID"; Value = ""; VariantName = "[No Variations]"
Change component parameters (AddParameter): Name = "Coil Rated Power"; Value = ""; VariantName = "[No Variations]"
Change component parameters (AddParameter): Name = "Coil Resistance"; Value = ""; VariantName = "[No Variations]"
Change component parameters (AddParameter): Name = "Coil Type"; Value = ""; VariantName = "[No Variations]"
Change component parameters (AddParameter): Name = "Coil Voltage"; Value = ""; VariantName = "[No Variations]"
Change component parameters (AddParameter): Name = "Connector Type"; Value = "Board Side"; VariantName = "[No Variations]"
Change component parameters (AddParameter): Name = "Contact Form"; Value = ""; VariantName = "[No Variations]"
Change component parameters (AddParameter): Name = "Contact Material"; Value = ""; VariantName = "[No Variations]"
Change component parameters (AddParameter): Name = "Contact Rating"; Value = ""; VariantName = "[No Variations]"
Change component parameters (AddParameter): Name = "Contact Resistance"; Value = ""; VariantName = "[No Variations]"
Change component parameters (AddParameter): Name = "ConvertToPcb"; Value = "yes"; VariantName = "[No Variations]"
Change component parameters (AddParameter): Name = "Datasheet"; Value = "https://item.szlcsc.com/datasheet/BNC-KWE-6/21743971.html"; VariantName = "[No Variations]"
Change component parameters (AddParameter): Name = "Design Item ID"; Value = "BNC-KWE-6"; VariantName = "[No Variations]"
Change component parameters (AddParameter): Name = "Device"; Value = "BNC-KWE-6"; VariantName = "[No Variations]"
Change component parameters (AddParameter): Name = "FootprintName"; Value = "CONN-TH_BNC-KWE-6"; VariantName = "[No Variations]"
Change component parameters (AddParameter): Name = "Group ID"; Value = ""; VariantName = "[No Variations]"
Change component parameters (AddParameter): Name = "Impedance"; Value = "50O"; VariantName = "[No Variations]"
Change component parameters (AddParameter): Name = "Interface"; Value = "Inner Bore"; VariantName = "[No Variations]"
Change component parameters (AddParameter): Name = "Interface Length/Height"; Value = "12mm"; VariantName = "[No Variations]"
Change component parameters (AddParameter): Name = "JLCPCB Part Class"; Value = "Extended Part"; VariantName = "[No Variations]"
Change component parameters (AddParameter): Name = "LCSC Part Name"; Value = "?? BNC ??"; VariantName = "[No Variations]"
Change component parameters (AddParameter): Name = "Manufacturer"; Value = "cntitle(????)"; VariantName = "[No Variations]"
Change component parameters (AddParameter): Name = "Manufacturer Part Number"; Value = "BNC-KWE-6"; VariantName = "[No Variations]"
Change component parameters (AddParameter): Name = "ModelId"; Value = ""; VariantName = "[No Variations]"
Change component parameters (AddParameter): Name = "ModelName"; Value = "CONN-TH_BNC-KWE-6"; VariantName = "[No Variations]"
Change component parameters (AddParameter): Name = "ModelTransform"; Value = ""; VariantName = "[No Variations]"
Change component parameters (AddParameter): Name = "Number of Pins"; Value = ""; VariantName = "[No Variations]"
Change component parameters (AddParameter): Name = "Number of Ports"; Value = "1"; VariantName = "[No Variations]"
Change component parameters (AddParameter): Name = "Operate Time"; Value = ""; VariantName = "[No Variations]"
Change component parameters (AddParameter): Name = "Operating Temperature"; Value = ""; VariantName = "[No Variations]"
Change component parameters (AddParameter): Name = "Release Time"; Value = ""; VariantName = "[No Variations]"
Change component parameters (AddParameter): Name = "Reuse Block"; Value = ""; VariantName = "[No Variations]"
Change component parameters (AddParameter): Name = "RF Series"; Value = "BNC"; VariantName = "[No Variations]"
Change component parameters (AddParameter): Name = "Source"; Value = "P1.SCHLIB"; VariantName = "[No Variations]"
Change component parameters (AddParameter): Name = "Style"; Value = "Bent tip"; VariantName = "[No Variations]"
Change component parameters (AddParameter): Name = "Supplier Footprint"; Value = "??"; VariantName = "[No Variations]"
Change component parameters (AddParameter): Name = "Supplier Part Number"; Value = "C20415789"; VariantName = "[No Variations]"
Change component parameters (AddParameter): Name = "Switching Current(Max)"; Value = ""; VariantName = "[No Variations]"
Change component parameters (AddParameter): Name = "Switching Voltage(Max)"; Value = ""; VariantName = "[No Variations]"
Change component parameters (AddParameter): Name = "Symbol"; Value = "BNC-KWE-6"; VariantName = "[No Variations]"
Change component parameters (AddParameter): Name = "Value"; Value = "6GHz"; VariantName = "[No Variations]"
Change component parameters: Designator = "R51" ("R51"); Footprint = "FP-RT0805-MFG"; UniqueID = "\YYTTVIQP" ("\YYTTVIQP")
Change component parameters (AddParameter): Name = "AddInBom"; Value = ""; VariantName = "[No Variations]"
Change component parameters (AddParameter): Name = "Case Code (Imperial)"; Value = "0805"; VariantName = "[No Variations]"
Change component parameters (AddParameter): Name = "Case/Package"; Value = "0805"; VariantName = "[No Variations]"
Change component parameters (AddParameter): Name = "Channel ID"; Value = ""; VariantName = "[No Variations]"
Change component parameters (AddParameter): Name = "China RoHS"; Value = "Non-Compliant"; VariantName = "[No Variations]"
Change component parameters (AddParameter): Name = "Circluar Pins/Square Pins"; Value = ""; VariantName = "[No Variations]"
Change component parameters (AddParameter): Name = "Color"; Value = ""; VariantName = "[No Variations]"
Change component parameters (AddParameter): Name = "Composition"; Value = "Thin Film"; VariantName = "[No Variations]"
Change component parameters (AddParameter): Name = "Contact Material"; Value = ""; VariantName = "[No Variations]"
Change component parameters (AddParameter): Name = "Contact Plating"; Value = "Tin"; VariantName = "[No Variations]"
Change component parameters (AddParameter): Name = "ConvertToPcb"; Value = ""; VariantName = "[No Variations]"
Change component parameters (AddParameter): Name = "Current Rating"; Value = ""; VariantName = "[No Variations]"
Change component parameters (AddParameter): Name = "Datasheet"; Value = ""; VariantName = "[No Variations]"
Change component parameters (AddParameter): Name = "Depth"; Value = "1.25mm"; VariantName = "[No Variations]"
Change component parameters (AddParameter): Name = "Design Item ID"; Value = ""; VariantName = "[No Variations]"
Change component parameters (AddParameter): Name = "Device"; Value = ""; VariantName = "[No Variations]"
Change component parameters (AddParameter): Name = "FootprintName"; Value = ""; VariantName = "[No Variations]"
Change component parameters (AddParameter): Name = "Group ID"; Value = ""; VariantName = "[No Variations]"
Change component parameters (AddParameter): Name = "Height"; Value = "500µm"; VariantName = "[No Variations]"
Change component parameters (AddParameter): Name = "Insulation Height"; Value = ""; VariantName = "[No Variations]"
Change component parameters (AddParameter): Name = "JLCPCB Part Class"; Value = ""; VariantName = "[No Variations]"
Change component parameters (AddParameter): Name = "LCSC Part Name"; Value = ""; VariantName = "[No Variations]"
Change component parameters (AddParameter): Name = "Lead Free"; Value = "Lead Free"; VariantName = "[No Variations]"
Change component parameters (AddParameter): Name = "Length"; Value = "2mm"; VariantName = "[No Variations]"
Change component parameters (AddParameter): Name = "Length of End Connection Pin"; Value = ""; VariantName = "[No Variations]"
Change component parameters (AddParameter): Name = "Length of Mating Pin"; Value = ""; VariantName = "[No Variations]"
Change component parameters (AddParameter): Name = "Lifecycle Status"; Value = "Production"; VariantName = "[No Variations]"
Change component parameters (AddParameter): Name = "Manufacturer"; Value = ""; VariantName = "[No Variations]"
Change component parameters (AddParameter): Name = "Manufacturer Package Identifier"; Value = "0805 (2012 metric)"; VariantName = "[No Variations]"
Change component parameters (AddParameter): Name = "Max Operating Temperature"; Value = "155°C"; VariantName = "[No Variations]"
Change component parameters (AddParameter): Name = "Max Power Dissipation"; Value = "125mW"; VariantName = "[No Variations]"
Change component parameters (AddParameter): Name = "Military Standard"; Value = "Not"; VariantName = "[No Variations]"
Change component parameters (AddParameter): Name = "Min Operating Temperature"; Value = "-55°C"; VariantName = "[No Variations]"
Change component parameters (AddParameter): Name = "ModelId"; Value = ""; VariantName = "[No Variations]"
Change component parameters (AddParameter): Name = "ModelName"; Value = ""; VariantName = "[No Variations]"
Change component parameters (AddParameter): Name = "ModelTransform"; Value = ""; VariantName = "[No Variations]"
Change component parameters (AddParameter): Name = "Mounting Technology"; Value = "Surface Mount"; VariantName = "[No Variations]"
Change component parameters (AddParameter): Name = "Mounting Type"; Value = ""; VariantName = "[No Variations]"
Change component parameters (AddParameter): Name = "Number of Pins"; Value = ""; VariantName = "[No Variations]"
Change component parameters (AddParameter): Name = "Number of Rows"; Value = ""; VariantName = "[No Variations]"
Change component parameters (AddParameter): Name = "Number of Terminals"; Value = "2"; VariantName = "[No Variations]"
Change component parameters (AddParameter): Name = "Number of Terminations"; Value = "2"; VariantName = "[No Variations]"
Change component parameters (AddParameter): Name = "Operating Temperature"; Value = ""; VariantName = "[No Variations]"
Change component parameters (AddParameter): Name = "Pin Structure"; Value = ""; VariantName = "[No Variations]"
Change component parameters (AddParameter): Name = "Pitch"; Value = ""; VariantName = "[No Variations]"
Change component parameters (AddParameter): Name = "Power Rating"; Value = "125mW"; VariantName = "[No Variations]"
Change component parameters (AddParameter): Name = "Radiation Hardening"; Value = "No"; VariantName = "[No Variations]"
Change component parameters (AddParameter): Name = "REACH SVHC"; Value = "Yes"; VariantName = "[No Variations]"
Change component parameters (AddParameter): Name = "Reuse Block"; Value = ""; VariantName = "[No Variations]"
Change component parameters (AddParameter): Name = "RoHS"; Value = "Compliant"; VariantName = "[No Variations]"
Change component parameters (AddParameter): Name = "Row Spacing"; Value = ""; VariantName = "[No Variations]"
Change component parameters (AddParameter): Name = "Source"; Value = ""; VariantName = "[No Variations]"
Change component parameters (AddParameter): Name = "Supplier Footprint"; Value = ""; VariantName = "[No Variations]"
Change component parameters (AddParameter): Name = "Symbol"; Value = ""; VariantName = "[No Variations]"
Change component parameters (AddParameter): Name = "Temperature Coefficient"; Value = "50ppm/°C"; VariantName = "[No Variations]"
Change component parameters (AddParameter): Name = "Termination"; Value = "SMD/SMT"; VariantName = "[No Variations]"
Change component parameters (AddParameter): Name = "Tolerance"; Value = "1%"; VariantName = "[No Variations]"
Change component parameters (AddParameter): Name = "Value"; Value = "5.1kO"; VariantName = "[No Variations]"
Change component parameters (AddParameter): Name = "Voltage Rating"; Value = "150V"; VariantName = "[No Variations]"
Change component parameters (AddParameter): Name = "Voltage Rating (DC)"; Value = "150V"; VariantName = "[No Variations]"
Change component parameters (AddParameter): Name = "Voltage Rating (Max)"; Value = ""; VariantName = "[No Variations]"
Change component parameters (AddParameter): Name = "Width"; Value = "1.25mm"; VariantName = "[No Variations]"
Change component parameters (AddParameter): Name = "Working Voltage"; Value = "150V"; VariantName = "[No Variations]"
Change component parameters: Designator = "R5" ("R5"); Footprint = "R0805"; UniqueID = "\XFXPMZJV" ("\XFXPMZJV")
Change component parameters (AddParameter): Name = "AddInBom"; Value = "yes"; VariantName = "[No Variations]"
Change component parameters (AddParameter): Name = "Channel ID"; Value = ""; VariantName = "[No Variations]"
Change component parameters (AddParameter): Name = "ConvertToPcb"; Value = "yes"; VariantName = "[No Variations]"
Change component parameters (AddParameter): Name = "Datasheet"; Value = "https://atta.szlcsc.com/upload/public/pdf/source/20200306/C422600_1E6D84923E4A46A82E41ADD87F860B5C.pdf"; VariantName = "[No Variations]"
Change component parameters (AddParameter): Name = "Design Item ID"; Value = "0805W8F1001T5E"; VariantName = "[No Variations]"
Change component parameters (AddParameter): Name = "Device"; Value = "0805W8F1001T5E"; VariantName = "[No Variations]"
Change component parameters (AddParameter): Name = "FootprintName"; Value = "R0805"; VariantName = "[No Variations]"
Change component parameters (AddParameter): Name = "Group ID"; Value = ""; VariantName = "[No Variations]"
Change component parameters (AddParameter): Name = "JLCPCB Part Class"; Value = "Basic Part"; VariantName = "[No Variations]"
Change component parameters (AddParameter): Name = "LCSC Part Name"; Value = "1kO ±1% 125mW ????"; VariantName = "[No Variations]"
Change component parameters (AddParameter): Name = "Manufacturer"; Value = "UNI-ROYAL(??)"; VariantName = "[No Variations]"
Change component parameters (AddParameter): Name = "Manufacturer Part Number"; Value = "0805W8F1001T5E"; VariantName = "[No Variations]"
Change component parameters (AddParameter): Name = "ModelId"; Value = "b83c7c5430874b8eb2319a65d9433429?0819f05c4eef4c71ace90d822a990e87"; VariantName = "[No Variations]"
Change component parameters (AddParameter): Name = "ModelName"; Value = "R0805_L2.0-W1.3-H0.6"; VariantName = "[No Variations]"
Change component parameters (AddParameter): Name = "ModelTransform"; Value = "78.74,51.181,0,0,0,0,0,-0.0005,0"; VariantName = "[No Variations]"
Change component parameters (AddParameter): Name = "Operating Temperature"; Value = ""; VariantName = "[No Variations]"
Change component parameters (AddParameter): Name = "Operating Temperature Range"; Value = "-55?~+155?"; VariantName = "[No Variations]"
Change component parameters (AddParameter): Name = "Overload Voltage (Max)"; Value = ""; VariantName = "[No Variations]"
Change component parameters (AddParameter): Name = "Power(Watts)"; Value = ""; VariantName = "[No Variations]"
Change component parameters (AddParameter): Name = "Reuse Block"; Value = ""; VariantName = "[No Variations]"
Change component parameters (AddParameter): Name = "Source"; Value = "P1.SCHLIB"; VariantName = "[No Variations]"
Change component parameters (AddParameter): Name = "Supplier Footprint"; Value = "0805"; VariantName = "[No Variations]"
Change component parameters (AddParameter): Name = "Supplier Part Number"; Value = "C17513"; VariantName = "[No Variations]"
Change component parameters (AddParameter): Name = "Symbol"; Value = "0805W8F1001T5E"; VariantName = "[No Variations]"
Change component parameters (AddParameter): Name = "Temperature Coefficient"; Value = "±100ppm/?"; VariantName = "[No Variations]"
Change component parameters (AddParameter): Name = "Tolerance"; Value = "1%"; VariantName = "[No Variations]"
Change component parameters (AddParameter): Name = "Type"; Value = "Thick Film Resistors"; VariantName = "[No Variations]"
Change component parameters (AddParameter): Name = "Value"; Value = "1k"; VariantName = "[No Variations]"
Change component parameters (AddParameter): Name = "Voltage-Supply(Max)"; Value = ""; VariantName = "[No Variations]"
Change component parameters: Designator = "R8" ("R8"); Footprint = "R0805"; UniqueID = "\PBAUXYCA" ("\PBAUXYCA")
Change component parameters (AddParameter): Name = "AddInBom"; Value = "yes"; VariantName = "[No Variations]"
Change component parameters (AddParameter): Name = "Channel ID"; Value = ""; VariantName = "[No Variations]"
Change component parameters (AddParameter): Name = "ConvertToPcb"; Value = "yes"; VariantName = "[No Variations]"
Change component parameters (AddParameter): Name = "Datasheet"; Value = "https://atta.szlcsc.com/upload/public/pdf/source/20200306/C422600_1E6D84923E4A46A82E41ADD87F860B5C.pdf"; VariantName = "[No Variations]"
Change component parameters (AddParameter): Name = "Design Item ID"; Value = "0805W8F1001T5E"; VariantName = "[No Variations]"
Change component parameters (AddParameter): Name = "Device"; Value = "0805W8F1001T5E"; VariantName = "[No Variations]"
Change component parameters (AddParameter): Name = "FootprintName"; Value = "R0805"; VariantName = "[No Variations]"
Change component parameters (AddParameter): Name = "Group ID"; Value = ""; VariantName = "[No Variations]"
Change component parameters (AddParameter): Name = "JLCPCB Part Class"; Value = "Basic Part"; VariantName = "[No Variations]"
Change component parameters (AddParameter): Name = "LCSC Part Name"; Value = "1kO ±1% 125mW ????"; VariantName = "[No Variations]"
Change component parameters (AddParameter): Name = "Manufacturer"; Value = "UNI-ROYAL(??)"; VariantName = "[No Variations]"
Change component parameters (AddParameter): Name = "Manufacturer Part Number"; Value = "0805W8F1001T5E"; VariantName = "[No Variations]"
Change component parameters (AddParameter): Name = "ModelId"; Value = "b83c7c5430874b8eb2319a65d9433429?0819f05c4eef4c71ace90d822a990e87"; VariantName = "[No Variations]"
Change component parameters (AddParameter): Name = "ModelName"; Value = "R0805_L2.0-W1.3-H0.6"; VariantName = "[No Variations]"
Change component parameters (AddParameter): Name = "ModelTransform"; Value = "78.74,51.181,0,0,0,0,0,-0.0005,0"; VariantName = "[No Variations]"
Change component parameters (AddParameter): Name = "Operating Temperature"; Value = ""; VariantName = "[No Variations]"
Change component parameters (AddParameter): Name = "Operating Temperature Range"; Value = "-55?~+155?"; VariantName = "[No Variations]"
Change component parameters (AddParameter): Name = "Overload Voltage (Max)"; Value = ""; VariantName = "[No Variations]"
Change component parameters (AddParameter): Name = "Power(Watts)"; Value = ""; VariantName = "[No Variations]"
Change component parameters (AddParameter): Name = "Reuse Block"; Value = ""; VariantName = "[No Variations]"
Change component parameters (AddParameter): Name = "Source"; Value = "P1.SCHLIB"; VariantName = "[No Variations]"
Change component parameters (AddParameter): Name = "Supplier Footprint"; Value = "0805"; VariantName = "[No Variations]"
Change component parameters (AddParameter): Name = "Supplier Part Number"; Value = "C17513"; VariantName = "[No Variations]"
Change component parameters (AddParameter): Name = "Symbol"; Value = "0805W8F1001T5E"; VariantName = "[No Variations]"
Change component parameters (AddParameter): Name = "Temperature Coefficient"; Value = "±100ppm/?"; VariantName = "[No Variations]"
Change component parameters (AddParameter): Name = "Tolerance"; Value = "1%"; VariantName = "[No Variations]"
Change component parameters (AddParameter): Name = "Type"; Value = "Thick Film Resistors"; VariantName = "[No Variations]"
Change component parameters (AddParameter): Name = "Value"; Value = "1k"; VariantName = "[No Variations]"
Change component parameters (AddParameter): Name = "Voltage-Supply(Max)"; Value = ""; VariantName = "[No Variations]"
Change component parameters: Designator = "R31" ("R31"); Footprint = "R0805"; UniqueID = "\TLSLZSNA" ("\TLSLZSNA")
Change component parameters (AddParameter): Name = "AddInBom"; Value = "yes"; VariantName = "[No Variations]"
Change component parameters (AddParameter): Name = "Channel ID"; Value = ""; VariantName = "[No Variations]"
Change component parameters (AddParameter): Name = "ConvertToPcb"; Value = "yes"; VariantName = "[No Variations]"
Change component parameters (AddParameter): Name = "Datasheet"; Value = "https://atta.szlcsc.com/upload/public/pdf/source/20200306/C422600_1E6D84923E4A46A82E41ADD87F860B5C.pdf"; VariantName = "[No Variations]"
Change component parameters (AddParameter): Name = "Design Item ID"; Value = "0805W8F2002T5E"; VariantName = "[No Variations]"
Change component parameters (AddParameter): Name = "Device"; Value = "0805W8F2002T5E"; VariantName = "[No Variations]"
Change component parameters (AddParameter): Name = "FootprintName"; Value = "R0805"; VariantName = "[No Variations]"
Change component parameters (AddParameter): Name = "Group ID"; Value = ""; VariantName = "[No Variations]"
Change component parameters (AddParameter): Name = "JLCPCB Part Class"; Value = "Basic Part"; VariantName = "[No Variations]"
Change component parameters (AddParameter): Name = "LCSC Part Name"; Value = "20kO ±1% 125mW ????"; VariantName = "[No Variations]"
Change component parameters (AddParameter): Name = "Manufacturer"; Value = "UNI-ROYAL(??)"; VariantName = "[No Variations]"
Change component parameters (AddParameter): Name = "Manufacturer Part Number"; Value = "0805W8F2002T5E"; VariantName = "[No Variations]"
Change component parameters (AddParameter): Name = "ModelId"; Value = "b83c7c5430874b8eb2319a65d9433429?0819f05c4eef4c71ace90d822a990e87"; VariantName = "[No Variations]"
Change component parameters (AddParameter): Name = "ModelName"; Value = "R0805_L2.0-W1.3-H0.6"; VariantName = "[No Variations]"
Change component parameters (AddParameter): Name = "ModelTransform"; Value = "78.74,51.181,0,0,0,0,0,-0.0005,0"; VariantName = "[No Variations]"
Change component parameters (AddParameter): Name = "Operating Temperature"; Value = ""; VariantName = "[No Variations]"
Change component parameters (AddParameter): Name = "Operating Temperature Range"; Value = "-55?~+155?"; VariantName = "[No Variations]"
Change component parameters (AddParameter): Name = "Overload Voltage (Max)"; Value = ""; VariantName = "[No Variations]"
Change component parameters (AddParameter): Name = "Power(Watts)"; Value = ""; VariantName = "[No Variations]"
Change component parameters (AddParameter): Name = "Reuse Block"; Value = ""; VariantName = "[No Variations]"
Change component parameters (AddParameter): Name = "Source"; Value = "P1.SCHLIB"; VariantName = "[No Variations]"
Change component parameters (AddParameter): Name = "Supplier Footprint"; Value = "0805"; VariantName = "[No Variations]"
Change component parameters (AddParameter): Name = "Supplier Part Number"; Value = "C4328"; VariantName = "[No Variations]"
Change component parameters (AddParameter): Name = "Symbol"; Value = "0805W8F2002T5E"; VariantName = "[No Variations]"
Change component parameters (AddParameter): Name = "Temperature Coefficient"; Value = "±100ppm/?"; VariantName = "[No Variations]"
Change component parameters (AddParameter): Name = "Tolerance"; Value = "1%"; VariantName = "[No Variations]"
Change component parameters (AddParameter): Name = "Type"; Value = "Thick Film Resistors"; VariantName = "[No Variations]"
Change component parameters (AddParameter): Name = "Value"; Value = "20k"; VariantName = "[No Variations]"
Change component parameters (AddParameter): Name = "Voltage-Supply(Max)"; Value = ""; VariantName = "[No Variations]"
Change component parameters: Designator = "R35" ("R35"); Footprint = "R0805"; UniqueID = "\QEIYEHWD" ("\QEIYEHWD")
Change component parameters (AddParameter): Name = "AddInBom"; Value = "yes"; VariantName = "[No Variations]"
Change component parameters (AddParameter): Name = "Channel ID"; Value = ""; VariantName = "[No Variations]"
Change component parameters (AddParameter): Name = "ConvertToPcb"; Value = "yes"; VariantName = "[No Variations]"
Change component parameters (AddParameter): Name = "Datasheet"; Value = "https://atta.szlcsc.com/upload/public/pdf/source/20200306/C422600_1E6D84923E4A46A82E41ADD87F860B5C.pdf"; VariantName = "[No Variations]"
Change component parameters (AddParameter): Name = "Design Item ID"; Value = "0805W8F2002T5E"; VariantName = "[No Variations]"
Change component parameters (AddParameter): Name = "Device"; Value = "0805W8F2002T5E"; VariantName = "[No Variations]"
Change component parameters (AddParameter): Name = "FootprintName"; Value = "R0805"; VariantName = "[No Variations]"
Change component parameters (AddParameter): Name = "Group ID"; Value = ""; VariantName = "[No Variations]"
Change component parameters (AddParameter): Name = "JLCPCB Part Class"; Value = "Basic Part"; VariantName = "[No Variations]"
Change component parameters (AddParameter): Name = "LCSC Part Name"; Value = "20kO ±1% 125mW ????"; VariantName = "[No Variations]"
Change component parameters (AddParameter): Name = "Manufacturer"; Value = "UNI-ROYAL(??)"; VariantName = "[No Variations]"
Change component parameters (AddParameter): Name = "Manufacturer Part Number"; Value = "0805W8F2002T5E"; VariantName = "[No Variations]"
Change component parameters (AddParameter): Name = "ModelId"; Value = "b83c7c5430874b8eb2319a65d9433429?0819f05c4eef4c71ace90d822a990e87"; VariantName = "[No Variations]"
Change component parameters (AddParameter): Name = "ModelName"; Value = "R0805_L2.0-W1.3-H0.6"; VariantName = "[No Variations]"
Change component parameters (AddParameter): Name = "ModelTransform"; Value = "78.74,51.181,0,0,0,0,0,-0.0005,0"; VariantName = "[No Variations]"
Change component parameters (AddParameter): Name = "Operating Temperature"; Value = ""; VariantName = "[No Variations]"
Change component parameters (AddParameter): Name = "Operating Temperature Range"; Value = "-55?~+155?"; VariantName = "[No Variations]"
Change component parameters (AddParameter): Name = "Overload Voltage (Max)"; Value = ""; VariantName = "[No Variations]"
Change component parameters (AddParameter): Name = "Power(Watts)"; Value = ""; VariantName = "[No Variations]"
Change component parameters (AddParameter): Name = "Reuse Block"; Value = ""; VariantName = "[No Variations]"
Change component parameters (AddParameter): Name = "Source"; Value = "P1.SCHLIB"; VariantName = "[No Variations]"
Change component parameters (AddParameter): Name = "Supplier Footprint"; Value = "0805"; VariantName = "[No Variations]"
Change component parameters (AddParameter): Name = "Supplier Part Number"; Value = "C4328"; VariantName = "[No Variations]"
Change component parameters (AddParameter): Name = "Symbol"; Value = "0805W8F2002T5E"; VariantName = "[No Variations]"
Change component parameters (AddParameter): Name = "Temperature Coefficient"; Value = "±100ppm/?"; VariantName = "[No Variations]"
Change component parameters (AddParameter): Name = "Tolerance"; Value = "1%"; VariantName = "[No Variations]"
Change component parameters (AddParameter): Name = "Type"; Value = "Thick Film Resistors"; VariantName = "[No Variations]"
Change component parameters (AddParameter): Name = "Value"; Value = "20k"; VariantName = "[No Variations]"
Change component parameters (AddParameter): Name = "Voltage-Supply(Max)"; Value = ""; VariantName = "[No Variations]"
Change component parameters: Designator = "R42" ("R42"); Footprint = "R0805"; UniqueID = "\VMHXHDCH" ("\VMHXHDCH")
Change component parameters (AddParameter): Name = "AddInBom"; Value = "yes"; VariantName = "[No Variations]"
Change component parameters (AddParameter): Name = "Channel ID"; Value = ""; VariantName = "[No Variations]"
Change component parameters (AddParameter): Name = "ConvertToPcb"; Value = "yes"; VariantName = "[No Variations]"
Change component parameters (AddParameter): Name = "Datasheet"; Value = "https://atta.szlcsc.com/upload/public/pdf/source/20200306/C422600_1E6D84923E4A46A82E41ADD87F860B5C.pdf"; VariantName = "[No Variations]"
Change component parameters (AddParameter): Name = "Design Item ID"; Value = "0805W8F1001T5E"; VariantName = "[No Variations]"
Change component parameters (AddParameter): Name = "Device"; Value = "0805W8F1001T5E"; VariantName = "[No Variations]"
Change component parameters (AddParameter): Name = "FootprintName"; Value = "R0805"; VariantName = "[No Variations]"
Change component parameters (AddParameter): Name = "Group ID"; Value = ""; VariantName = "[No Variations]"
Change component parameters (AddParameter): Name = "JLCPCB Part Class"; Value = "Basic Part"; VariantName = "[No Variations]"
Change component parameters (AddParameter): Name = "LCSC Part Name"; Value = "1kO ±1% 125mW ????"; VariantName = "[No Variations]"
Change component parameters (AddParameter): Name = "Manufacturer"; Value = "UNI-ROYAL(??)"; VariantName = "[No Variations]"
Change component parameters (AddParameter): Name = "Manufacturer Part Number"; Value = "0805W8F1001T5E"; VariantName = "[No Variations]"
Change component parameters (AddParameter): Name = "ModelId"; Value = "b83c7c5430874b8eb2319a65d9433429?0819f05c4eef4c71ace90d822a990e87"; VariantName = "[No Variations]"
Change component parameters (AddParameter): Name = "ModelName"; Value = "R0805_L2.0-W1.3-H0.6"; VariantName = "[No Variations]"
Change component parameters (AddParameter): Name = "ModelTransform"; Value = "78.74,51.181,0,0,0,0,0,-0.0005,0"; VariantName = "[No Variations]"
Change component parameters (AddParameter): Name = "Operating Temperature"; Value = ""; VariantName = "[No Variations]"
Change component parameters (AddParameter): Name = "Operating Temperature Range"; Value = "-55?~+155?"; VariantName = "[No Variations]"
Change component parameters (AddParameter): Name = "Overload Voltage (Max)"; Value = ""; VariantName = "[No Variations]"
Change component parameters (AddParameter): Name = "Power(Watts)"; Value = ""; VariantName = "[No Variations]"
Change component parameters (AddParameter): Name = "Reuse Block"; Value = ""; VariantName = "[No Variations]"
Change component parameters (AddParameter): Name = "Source"; Value = "P1.SCHLIB"; VariantName = "[No Variations]"
Change component parameters (AddParameter): Name = "Supplier Footprint"; Value = "0805"; VariantName = "[No Variations]"
Change component parameters (AddParameter): Name = "Supplier Part Number"; Value = "C17513"; VariantName = "[No Variations]"
Change component parameters (AddParameter): Name = "Symbol"; Value = "0805W8F1001T5E"; VariantName = "[No Variations]"
Change component parameters (AddParameter): Name = "Temperature Coefficient"; Value = "±100ppm/?"; VariantName = "[No Variations]"
Change component parameters (AddParameter): Name = "Tolerance"; Value = "1%"; VariantName = "[No Variations]"
Change component parameters (AddParameter): Name = "Type"; Value = "Thick Film Resistors"; VariantName = "[No Variations]"
Change component parameters (AddParameter): Name = "Value"; Value = "1k"; VariantName = "[No Variations]"
Change component parameters (AddParameter): Name = "Voltage-Supply(Max)"; Value = ""; VariantName = "[No Variations]"
Change component parameters: Designator = "R44" ("R44"); Footprint = "R0805"; UniqueID = "\SLKXRWSS" ("\SLKXRWSS")
Change component parameters (AddParameter): Name = "AddInBom"; Value = "yes"; VariantName = "[No Variations]"
Change component parameters (AddParameter): Name = "Channel ID"; Value = ""; VariantName = "[No Variations]"
Change component parameters (AddParameter): Name = "ConvertToPcb"; Value = "yes"; VariantName = "[No Variations]"
Change component parameters (AddParameter): Name = "Datasheet"; Value = "https://atta.szlcsc.com/upload/public/pdf/source/20200306/C422600_1E6D84923E4A46A82E41ADD87F860B5C.pdf"; VariantName = "[No Variations]"
Change component parameters (AddParameter): Name = "Design Item ID"; Value = "0805W8F1001T5E"; VariantName = "[No Variations]"
Change component parameters (AddParameter): Name = "Device"; Value = "0805W8F1001T5E"; VariantName = "[No Variations]"
Change component parameters (AddParameter): Name = "FootprintName"; Value = "R0805"; VariantName = "[No Variations]"
Change component parameters (AddParameter): Name = "Group ID"; Value = ""; VariantName = "[No Variations]"
Change component parameters (AddParameter): Name = "JLCPCB Part Class"; Value = "Basic Part"; VariantName = "[No Variations]"
Change component parameters (AddParameter): Name = "LCSC Part Name"; Value = "1kO ±1% 125mW ????"; VariantName = "[No Variations]"
Change component parameters (AddParameter): Name = "Manufacturer"; Value = "UNI-ROYAL(??)"; VariantName = "[No Variations]"
Change component parameters (AddParameter): Name = "Manufacturer Part Number"; Value = "0805W8F1001T5E"; VariantName = "[No Variations]"
Change component parameters (AddParameter): Name = "ModelId"; Value = "b83c7c5430874b8eb2319a65d9433429?0819f05c4eef4c71ace90d822a990e87"; VariantName = "[No Variations]"
Change component parameters (AddParameter): Name = "ModelName"; Value = "R0805_L2.0-W1.3-H0.6"; VariantName = "[No Variations]"
Change component parameters (AddParameter): Name = "ModelTransform"; Value = "78.74,51.181,0,0,0,0,0,-0.0005,0"; VariantName = "[No Variations]"
Change component parameters (AddParameter): Name = "Operating Temperature"; Value = ""; VariantName = "[No Variations]"
Change component parameters (AddParameter): Name = "Operating Temperature Range"; Value = "-55?~+155?"; VariantName = "[No Variations]"
Change component parameters (AddParameter): Name = "Overload Voltage (Max)"; Value = ""; VariantName = "[No Variations]"
Change component parameters (AddParameter): Name = "Power(Watts)"; Value = ""; VariantName = "[No Variations]"
Change component parameters (AddParameter): Name = "Reuse Block"; Value = ""; VariantName = "[No Variations]"
Change component parameters (AddParameter): Name = "Source"; Value = "P1.SCHLIB"; VariantName = "[No Variations]"
Change component parameters (AddParameter): Name = "Supplier Footprint"; Value = "0805"; VariantName = "[No Variations]"
Change component parameters (AddParameter): Name = "Supplier Part Number"; Value = "C17513"; VariantName = "[No Variations]"
Change component parameters (AddParameter): Name = "Symbol"; Value = "0805W8F1001T5E"; VariantName = "[No Variations]"
Change component parameters (AddParameter): Name = "Temperature Coefficient"; Value = "±100ppm/?"; VariantName = "[No Variations]"
Change component parameters (AddParameter): Name = "Tolerance"; Value = "1%"; VariantName = "[No Variations]"
Change component parameters (AddParameter): Name = "Type"; Value = "Thick Film Resistors"; VariantName = "[No Variations]"
Change component parameters (AddParameter): Name = "Value"; Value = "1k"; VariantName = "[No Variations]"
Change component parameters (AddParameter): Name = "Voltage-Supply(Max)"; Value = ""; VariantName = "[No Variations]"
Change component parameters: Designator = "R46" ("R46"); Footprint = "R0805"; UniqueID = "\EXCCIEDI" ("\EXCCIEDI")
Change component parameters (AddParameter): Name = "AddInBom"; Value = "yes"; VariantName = "[No Variations]"
Change component parameters (AddParameter): Name = "Channel ID"; Value = ""; VariantName = "[No Variations]"
Change component parameters (AddParameter): Name = "ConvertToPcb"; Value = "yes"; VariantName = "[No Variations]"
Change component parameters (AddParameter): Name = "Datasheet"; Value = "https://atta.szlcsc.com/upload/public/pdf/source/20200306/C422600_1E6D84923E4A46A82E41ADD87F860B5C.pdf"; VariantName = "[No Variations]"
Change component parameters (AddParameter): Name = "Design Item ID"; Value = "0805W8F1001T5E"; VariantName = "[No Variations]"
Change component parameters (AddParameter): Name = "Device"; Value = "0805W8F1001T5E"; VariantName = "[No Variations]"
Change component parameters (AddParameter): Name = "FootprintName"; Value = "R0805"; VariantName = "[No Variations]"
Change component parameters (AddParameter): Name = "Group ID"; Value = ""; VariantName = "[No Variations]"
Change component parameters (AddParameter): Name = "JLCPCB Part Class"; Value = "Basic Part"; VariantName = "[No Variations]"
Change component parameters (AddParameter): Name = "LCSC Part Name"; Value = "1kO ±1% 125mW ????"; VariantName = "[No Variations]"
Change component parameters (AddParameter): Name = "Manufacturer"; Value = "UNI-ROYAL(??)"; VariantName = "[No Variations]"
Change component parameters (AddParameter): Name = "Manufacturer Part Number"; Value = "0805W8F1001T5E"; VariantName = "[No Variations]"
Change component parameters (AddParameter): Name = "ModelId"; Value = "b83c7c5430874b8eb2319a65d9433429?0819f05c4eef4c71ace90d822a990e87"; VariantName = "[No Variations]"
Change component parameters (AddParameter): Name = "ModelName"; Value = "R0805_L2.0-W1.3-H0.6"; VariantName = "[No Variations]"
Change component parameters (AddParameter): Name = "ModelTransform"; Value = "78.74,51.181,0,0,0,0,0,-0.0005,0"; VariantName = "[No Variations]"
Change component parameters (AddParameter): Name = "Operating Temperature"; Value = ""; VariantName = "[No Variations]"
Change component parameters (AddParameter): Name = "Operating Temperature Range"; Value = "-55?~+155?"; VariantName = "[No Variations]"
Change component parameters (AddParameter): Name = "Overload Voltage (Max)"; Value = ""; VariantName = "[No Variations]"
Change component parameters (AddParameter): Name = "Power(Watts)"; Value = ""; VariantName = "[No Variations]"
Change component parameters (AddParameter): Name = "Reuse Block"; Value = ""; VariantName = "[No Variations]"
Change component parameters (AddParameter): Name = "Source"; Value = "P1.SCHLIB"; VariantName = "[No Variations]"
Change component parameters (AddParameter): Name = "Supplier Footprint"; Value = "0805"; VariantName = "[No Variations]"
Change component parameters (AddParameter): Name = "Supplier Part Number"; Value = "C17513"; VariantName = "[No Variations]"
Change component parameters (AddParameter): Name = "Symbol"; Value = "0805W8F1001T5E"; VariantName = "[No Variations]"
Change component parameters (AddParameter): Name = "Temperature Coefficient"; Value = "±100ppm/?"; VariantName = "[No Variations]"
Change component parameters (AddParameter): Name = "Tolerance"; Value = "1%"; VariantName = "[No Variations]"
Change component parameters (AddParameter): Name = "Type"; Value = "Thick Film Resistors"; VariantName = "[No Variations]"
Change component parameters (AddParameter): Name = "Value"; Value = "1k"; VariantName = "[No Variations]"
Change component parameters (AddParameter): Name = "Voltage-Supply(Max)"; Value = ""; VariantName = "[No Variations]"
Change component parameters: Designator = "R47" ("R47"); Footprint = "R0805"; UniqueID = "\HYNAJIFQ" ("\HYNAJIFQ")
Change component parameters (AddParameter): Name = "AddInBom"; Value = "yes"; VariantName = "[No Variations]"
Change component parameters (AddParameter): Name = "Channel ID"; Value = ""; VariantName = "[No Variations]"
Change component parameters (AddParameter): Name = "ConvertToPcb"; Value = "yes"; VariantName = "[No Variations]"
Change component parameters (AddParameter): Name = "Datasheet"; Value = "https://atta.szlcsc.com/upload/public/pdf/source/20200306/C422600_1E6D84923E4A46A82E41ADD87F860B5C.pdf"; VariantName = "[No Variations]"
Change component parameters (AddParameter): Name = "Design Item ID"; Value = "0805W8F1001T5E"; VariantName = "[No Variations]"
Change component parameters (AddParameter): Name = "Device"; Value = "0805W8F1001T5E"; VariantName = "[No Variations]"
Change component parameters (AddParameter): Name = "FootprintName"; Value = "R0805"; VariantName = "[No Variations]"
Change component parameters (AddParameter): Name = "Group ID"; Value = ""; VariantName = "[No Variations]"
Change component parameters (AddParameter): Name = "JLCPCB Part Class"; Value = "Basic Part"; VariantName = "[No Variations]"
Change component parameters (AddParameter): Name = "LCSC Part Name"; Value = "1kO ±1% 125mW ????"; VariantName = "[No Variations]"
Change component parameters (AddParameter): Name = "Manufacturer"; Value = "UNI-ROYAL(??)"; VariantName = "[No Variations]"
Change component parameters (AddParameter): Name = "Manufacturer Part Number"; Value = "0805W8F1001T5E"; VariantName = "[No Variations]"
Change component parameters (AddParameter): Name = "ModelId"; Value = "b83c7c5430874b8eb2319a65d9433429?0819f05c4eef4c71ace90d822a990e87"; VariantName = "[No Variations]"
Change component parameters (AddParameter): Name = "ModelName"; Value = "R0805_L2.0-W1.3-H0.6"; VariantName = "[No Variations]"
Change component parameters (AddParameter): Name = "ModelTransform"; Value = "78.74,51.181,0,0,0,0,0,-0.0005,0"; VariantName = "[No Variations]"
Change component parameters (AddParameter): Name = "Operating Temperature"; Value = ""; VariantName = "[No Variations]"
Change component parameters (AddParameter): Name = "Operating Temperature Range"; Value = "-55?~+155?"; VariantName = "[No Variations]"
Change component parameters (AddParameter): Name = "Overload Voltage (Max)"; Value = ""; VariantName = "[No Variations]"
Change component parameters (AddParameter): Name = "Power(Watts)"; Value = ""; VariantName = "[No Variations]"
Change component parameters (AddParameter): Name = "Reuse Block"; Value = ""; VariantName = "[No Variations]"
Change component parameters (AddParameter): Name = "Source"; Value = "P1.SCHLIB"; VariantName = "[No Variations]"
Change component parameters (AddParameter): Name = "Supplier Footprint"; Value = "0805"; VariantName = "[No Variations]"
Change component parameters (AddParameter): Name = "Supplier Part Number"; Value = "C17513"; VariantName = "[No Variations]"
Change component parameters (AddParameter): Name = "Symbol"; Value = "0805W8F1001T5E"; VariantName = "[No Variations]"
Change component parameters (AddParameter): Name = "Temperature Coefficient"; Value = "±100ppm/?"; VariantName = "[No Variations]"
Change component parameters (AddParameter): Name = "Tolerance"; Value = "1%"; VariantName = "[No Variations]"
Change component parameters (AddParameter): Name = "Type"; Value = "Thick Film Resistors"; VariantName = "[No Variations]"
Change component parameters (AddParameter): Name = "Value"; Value = "1k"; VariantName = "[No Variations]"
Change component parameters (AddParameter): Name = "Voltage-Supply(Max)"; Value = ""; VariantName = "[No Variations]"
Change component parameters: Designator = "R49" ("R49"); Footprint = "R0805"; UniqueID = "\SGMPYJFI" ("\SGMPYJFI")
Change component parameters (AddParameter): Name = "AddInBom"; Value = "yes"; VariantName = "[No Variations]"
Change component parameters (AddParameter): Name = "Channel ID"; Value = ""; VariantName = "[No Variations]"
Change component parameters (AddParameter): Name = "ConvertToPcb"; Value = "yes"; VariantName = "[No Variations]"
Change component parameters (AddParameter): Name = "Datasheet"; Value = "https://atta.szlcsc.com/upload/public/pdf/source/20200306/C422600_1E6D84923E4A46A82E41ADD87F860B5C.pdf"; VariantName = "[No Variations]"
Change component parameters (AddParameter): Name = "Design Item ID"; Value = "0805W8F1001T5E"; VariantName = "[No Variations]"
Change component parameters (AddParameter): Name = "Device"; Value = "0805W8F1001T5E"; VariantName = "[No Variations]"
Change component parameters (AddParameter): Name = "FootprintName"; Value = "R0805"; VariantName = "[No Variations]"
Change component parameters (AddParameter): Name = "Group ID"; Value = ""; VariantName = "[No Variations]"
Change component parameters (AddParameter): Name = "JLCPCB Part Class"; Value = "Basic Part"; VariantName = "[No Variations]"
Change component parameters (AddParameter): Name = "LCSC Part Name"; Value = "1kO ±1% 125mW ????"; VariantName = "[No Variations]"
Change component parameters (AddParameter): Name = "Manufacturer"; Value = "UNI-ROYAL(??)"; VariantName = "[No Variations]"
Change component parameters (AddParameter): Name = "Manufacturer Part Number"; Value = "0805W8F1001T5E"; VariantName = "[No Variations]"
Change component parameters (AddParameter): Name = "ModelId"; Value = "b83c7c5430874b8eb2319a65d9433429?0819f05c4eef4c71ace90d822a990e87"; VariantName = "[No Variations]"
Change component parameters (AddParameter): Name = "ModelName"; Value = "R0805_L2.0-W1.3-H0.6"; VariantName = "[No Variations]"
Change component parameters (AddParameter): Name = "ModelTransform"; Value = "78.74,51.181,0,0,0,0,0,-0.0005,0"; VariantName = "[No Variations]"
Change component parameters (AddParameter): Name = "Operating Temperature"; Value = ""; VariantName = "[No Variations]"
Change component parameters (AddParameter): Name = "Operating Temperature Range"; Value = "-55?~+155?"; VariantName = "[No Variations]"
Change component parameters (AddParameter): Name = "Overload Voltage (Max)"; Value = ""; VariantName = "[No Variations]"
Change component parameters (AddParameter): Name = "Power(Watts)"; Value = ""; VariantName = "[No Variations]"
Change component parameters (AddParameter): Name = "Reuse Block"; Value = ""; VariantName = "[No Variations]"
Change component parameters (AddParameter): Name = "Source"; Value = "P1.SCHLIB"; VariantName = "[No Variations]"
Change component parameters (AddParameter): Name = "Supplier Footprint"; Value = "0805"; VariantName = "[No Variations]"
Change component parameters (AddParameter): Name = "Supplier Part Number"; Value = "C17513"; VariantName = "[No Variations]"
Change component parameters (AddParameter): Name = "Symbol"; Value = "0805W8F1001T5E"; VariantName = "[No Variations]"
Change component parameters (AddParameter): Name = "Temperature Coefficient"; Value = "±100ppm/?"; VariantName = "[No Variations]"
Change component parameters (AddParameter): Name = "Tolerance"; Value = "1%"; VariantName = "[No Variations]"
Change component parameters (AddParameter): Name = "Type"; Value = "Thick Film Resistors"; VariantName = "[No Variations]"
Change component parameters (AddParameter): Name = "Value"; Value = "1k"; VariantName = "[No Variations]"
Change component parameters (AddParameter): Name = "Voltage-Supply(Max)"; Value = ""; VariantName = "[No Variations]"
Change component parameters: Designator = "J1" ("J1"); Footprint = "HDR-TH_20P-P2.54-V-M-R2-C10-S2.54"; UniqueID = "\BHCBIILF" ("\BHCBIILF")
Change component parameters (AddParameter): Name = "AddInBom"; Value = "yes"; VariantName = "[No Variations]"
Change component parameters (AddParameter): Name = "Channel ID"; Value = ""; VariantName = "[No Variations]"
Change component parameters (AddParameter): Name = "Circluar Pins/Square Pins"; Value = "Pin Header"; VariantName = "[No Variations]"
Change component parameters (AddParameter): Name = "Contact Material"; Value = "Brass"; VariantName = "[No Variations]"
Change component parameters (AddParameter): Name = "Contact Plating"; Value = "Gold"; VariantName = "[No Variations]"
Change component parameters (AddParameter): Name = "ConvertToPcb"; Value = "yes"; VariantName = "[No Variations]"
Change component parameters (AddParameter): Name = "Current Rating"; Value = "2.5A"; VariantName = "[No Variations]"
Change component parameters (AddParameter): Name = "Datasheet"; Value = "https://item.szlcsc.com/datasheet/2.54-2*10/5692723.html"; VariantName = "[No Variations]"
Change component parameters (AddParameter): Name = "Design Item ID"; Value = "2.54-2*10"; VariantName = "[No Variations]"
Change component parameters (AddParameter): Name = "Device"; Value = "2.54-2*10"; VariantName = "[No Variations]"
Change component parameters (AddParameter): Name = "FootprintName"; Value = "HDR-TH_20P-P2.54-V-M-R2-C10-S2.54"; VariantName = "[No Variations]"
Change component parameters (AddParameter): Name = "Group ID"; Value = ""; VariantName = "[No Variations]"
Change component parameters (AddParameter): Name = "Insulation Height"; Value = "2.54mm"; VariantName = "[No Variations]"
Change component parameters (AddParameter): Name = "JLCPCB Part Class"; Value = "Extended Part"; VariantName = "[No Variations]"
Change component parameters (AddParameter): Name = "LCSC Part Name"; Value = "2x10P ??:2.54mm ?? ??"; VariantName = "[No Variations]"
Change component parameters (AddParameter): Name = "Length of End Connection Pin"; Value = "3mm"; VariantName = "[No Variations]"
Change component parameters (AddParameter): Name = "Length of Mating Pin"; Value = "6mm"; VariantName = "[No Variations]"
Change component parameters (AddParameter): Name = "Manufacturer"; Value = "ZHOURI(??)"; VariantName = "[No Variations]"
Change component parameters (AddParameter): Name = "Manufacturer Part Number"; Value = "2.54-2*10"; VariantName = "[No Variations]"
Change component parameters (AddParameter): Name = "ModelId"; Value = "7b46918fe38e4962af531f5fab9490b0?0819f05c4eef4c71ace90d822a990e87"; VariantName = "[No Variations]"
Change component parameters (AddParameter): Name = "ModelName"; Value = "HDR-TH_20P-P2.54-V-M-R2-C10-S2.54-1"; VariantName = "[No Variations]"
Change component parameters (AddParameter): Name = "ModelTransform"; Value = "1000.3917,199.9996,0,0,0,0,0,0,-118.11"; VariantName = "[No Variations]"
Change component parameters (AddParameter): Name = "Mounting Type"; Value = "Through Hole"; VariantName = "[No Variations]"
Change component parameters (AddParameter): Name = "Number of Pins"; Value = "20P"; VariantName = "[No Variations]"
Change component parameters (AddParameter): Name = "Number of Rows"; Value = "2"; VariantName = "[No Variations]"
Change component parameters (AddParameter): Name = "Operating Temperature"; Value = "-40?~+105?"; VariantName = "[No Variations]"
Change component parameters (AddParameter): Name = "Pin Structure"; Value = "2x10P"; VariantName = "[No Variations]"
Change component parameters (AddParameter): Name = "Pitch"; Value = "2.54mm"; VariantName = "[No Variations]"
Change component parameters (AddParameter): Name = "Reuse Block"; Value = ""; VariantName = "[No Variations]"
Change component parameters (AddParameter): Name = "Row Spacing"; Value = "2.54mm"; VariantName = "[No Variations]"
Change component parameters (AddParameter): Name = "Source"; Value = "P1.SCHLIB"; VariantName = "[No Variations]"
Change component parameters (AddParameter): Name = "Supplier Footprint"; Value = "??,P=2.54mm"; VariantName = "[No Variations]"
Change component parameters (AddParameter): Name = "Supplier Part Number"; Value = "C5116480"; VariantName = "[No Variations]"
Change component parameters (AddParameter): Name = "Symbol"; Value = "2.54-2*10"; VariantName = "[No Variations]"
Change component parameters: Designator = "J4" ("J4"); Footprint = "HDR-TH_30P-P2.54-V-M-R2-C15-S2.54-2"; UniqueID = "\WVIUVDWQ" ("\WVIUVDWQ")
Change component parameters (AddParameter): Name = "AddInBom"; Value = "yes"; VariantName = "[No Variations]"
Change component parameters (AddParameter): Name = "Channel ID"; Value = ""; VariantName = "[No Variations]"
Change component parameters (AddParameter): Name = "Circluar Pins/Square Pins"; Value = "Pin Header"; VariantName = "[No Variations]"
Change component parameters (AddParameter): Name = "Contact Material"; Value = "Brass"; VariantName = "[No Variations]"
Change component parameters (AddParameter): Name = "Contact Plating"; Value = "Gold"; VariantName = "[No Variations]"
Change component parameters (AddParameter): Name = "ConvertToPcb"; Value = "yes"; VariantName = "[No Variations]"
Change component parameters (AddParameter): Name = "Current Rating"; Value = "2.5A"; VariantName = "[No Variations]"
Change component parameters (AddParameter): Name = "Datasheet"; Value = "https://item.szlcsc.com/datasheet/PZ2.54-2*15/5925192.html"; VariantName = "[No Variations]"
Change component parameters (AddParameter): Name = "Design Item ID"; Value = "PZ2.54-2*15"; VariantName = "[No Variations]"
Change component parameters (AddParameter): Name = "Device"; Value = "PZ2.54-2*15"; VariantName = "[No Variations]"
Change component parameters (AddParameter): Name = "FootprintName"; Value = "HDR-TH_30P-P2.54-V-M-R2-C15-S2.54-2"; VariantName = "[No Variations]"
Change component parameters (AddParameter): Name = "Group ID"; Value = ""; VariantName = "[No Variations]"
Change component parameters (AddParameter): Name = "Insulation Height"; Value = "2.54mm"; VariantName = "[No Variations]"
Change component parameters (AddParameter): Name = "JLCPCB Part Class"; Value = "Extended Part"; VariantName = "[No Variations]"
Change component parameters (AddParameter): Name = "LCSC Part Name"; Value = "2x15P ??:2.54mm ?? ??"; VariantName = "[No Variations]"
Change component parameters (AddParameter): Name = "Length of End Connection Pin"; Value = "3mm"; VariantName = "[No Variations]"
Change component parameters (AddParameter): Name = "Length of Mating Pin"; Value = "6mm"; VariantName = "[No Variations]"
Change component parameters (AddParameter): Name = "Manufacturer"; Value = "ZHOURI(??)"; VariantName = "[No Variations]"
Change component parameters (AddParameter): Name = "Manufacturer Part Number"; Value = "PZ2.54-2*15"; VariantName = "[No Variations]"
Change component parameters (AddParameter): Name = "ModelId"; Value = "20e3c55689c04fa0b6843741cd965711?0819f05c4eef4c71ace90d822a990e87"; VariantName = "[No Variations]"
Change component parameters (AddParameter): Name = "ModelName"; Value = "HDR-TH_30P-P2.54-V-M-R2-C15-S2.54-2"; VariantName = "[No Variations]"
Change component parameters (AddParameter): Name = "ModelTransform"; Value = "1500.036,196.85,0,0,0,0,0,0,-118.11"; VariantName = "[No Variations]"
Change component parameters (AddParameter): Name = "Mounting Type"; Value = "Through Hole"; VariantName = "[No Variations]"
Change component parameters (AddParameter): Name = "Number of Pins"; Value = "30P"; VariantName = "[No Variations]"
Change component parameters (AddParameter): Name = "Number of Rows"; Value = "2"; VariantName = "[No Variations]"
Change component parameters (AddParameter): Name = "Operating Temperature"; Value = "-40?~+105?"; VariantName = "[No Variations]"
Change component parameters (AddParameter): Name = "Pin Structure"; Value = "2x15P"; VariantName = "[No Variations]"
Change component parameters (AddParameter): Name = "Pitch"; Value = "2.54mm"; VariantName = "[No Variations]"
Change component parameters (AddParameter): Name = "Reuse Block"; Value = ""; VariantName = "[No Variations]"
Change component parameters (AddParameter): Name = "Row Spacing"; Value = "2.54mm"; VariantName = "[No Variations]"
Change component parameters (AddParameter): Name = "Source"; Value = "P1.SCHLIB"; VariantName = "[No Variations]"
Change component parameters (AddParameter): Name = "Supplier Footprint"; Value = "??,P=2.54mm"; VariantName = "[No Variations]"
Change component parameters (AddParameter): Name = "Supplier Part Number"; Value = "C5224013"; VariantName = "[No Variations]"
Change component parameters (AddParameter): Name = "Symbol"; Value = "PZ2.54-2*15"; VariantName = "[No Variations]"
Change component parameters: Designator = "R1" ("R1"); Footprint = "R0805"; UniqueID = "\PBWZWGFK" ("\PBWZWGFK")
Change component parameters (AddParameter): Name = "AddInBom"; Value = "yes"; VariantName = "[No Variations]"
Change component parameters (AddParameter): Name = "Channel ID"; Value = ""; VariantName = "[No Variations]"
Change component parameters (AddParameter): Name = "ConvertToPcb"; Value = "yes"; VariantName = "[No Variations]"
Change component parameters (AddParameter): Name = "Datasheet"; Value = ""; VariantName = "[No Variations]"
Change component parameters (AddParameter): Name = "Design Item ID"; Value = "FRC0805F1004TS"; VariantName = "[No Variations]"
Change component parameters (AddParameter): Name = "Device"; Value = "FRC0805F1004TS"; VariantName = "[No Variations]"
Change component parameters (AddParameter): Name = "FootprintName"; Value = "R0805"; VariantName = "[No Variations]"
Change component parameters (AddParameter): Name = "Group ID"; Value = ""; VariantName = "[No Variations]"
Change component parameters (AddParameter): Name = "JLCPCB Part Class"; Value = "Extended Part"; VariantName = "[No Variations]"
Change component parameters (AddParameter): Name = "LCSC Part Name"; Value = "1MO ±1% 125mW ????"; VariantName = "[No Variations]"
Change component parameters (AddParameter): Name = "Manufacturer"; Value = "FOJAN(??)"; VariantName = "[No Variations]"
Change component parameters (AddParameter): Name = "Manufacturer Part Number"; Value = "FRC0805F1004TS"; VariantName = "[No Variations]"
Change component parameters (AddParameter): Name = "ModelId"; Value = "b83c7c5430874b8eb2319a65d9433429?0819f05c4eef4c71ace90d822a990e87"; VariantName = "[No Variations]"
Change component parameters (AddParameter): Name = "ModelName"; Value = "R0805_L2.0-W1.3-H0.6"; VariantName = "[No Variations]"
Change component parameters (AddParameter): Name = "ModelTransform"; Value = "78.74,51.181,0,0,0,0,0,-0.0005,0"; VariantName = "[No Variations]"
Change component parameters (AddParameter): Name = "Operating Temperature"; Value = "-55?~+155?"; VariantName = "[No Variations]"
Change component parameters (AddParameter): Name = "Operating Temperature Range"; Value = ""; VariantName = "[No Variations]"
Change component parameters (AddParameter): Name = "Overload Voltage (Max)"; Value = ""; VariantName = "[No Variations]"
Change component parameters (AddParameter): Name = "Power(Watts)"; Value = "125mW"; VariantName = "[No Variations]"
Change component parameters (AddParameter): Name = "Reuse Block"; Value = ""; VariantName = "[No Variations]"
Change component parameters (AddParameter): Name = "Source"; Value = "P1.SCHLIB"; VariantName = "[No Variations]"
Change component parameters (AddParameter): Name = "Supplier Footprint"; Value = "0805"; VariantName = "[No Variations]"
Change component parameters (AddParameter): Name = "Supplier Part Number"; Value = "C2933280"; VariantName = "[No Variations]"
Change component parameters (AddParameter): Name = "Symbol"; Value = "FRC0805F1004TS"; VariantName = "[No Variations]"
Change component parameters (AddParameter): Name = "Temperature Coefficient"; Value = "±100ppm/?"; VariantName = "[No Variations]"
Change component parameters (AddParameter): Name = "Tolerance"; Value = "1%"; VariantName = "[No Variations]"
Change component parameters (AddParameter): Name = "Type"; Value = "Thick Film Resistor"; VariantName = "[No Variations]"
Change component parameters (AddParameter): Name = "Value"; Value = "1M"; VariantName = "[No Variations]"
Change component parameters (AddParameter): Name = "Voltage-Supply(Max)"; Value = "150V"; VariantName = "[No Variations]"
Change component parameters: Designator = "R2" ("R2"); Footprint = "R0805"; UniqueID = "\CLRXDXXE" ("\CLRXDXXE")
Change component parameters (AddParameter): Name = "AddInBom"; Value = "yes"; VariantName = "[No Variations]"
Change component parameters (AddParameter): Name = "Channel ID"; Value = ""; VariantName = "[No Variations]"
Change component parameters (AddParameter): Name = "ConvertToPcb"; Value = "yes"; VariantName = "[No Variations]"
Change component parameters (AddParameter): Name = "Datasheet"; Value = "https://item.szlcsc.com/datasheet/FRC0805F1000TS/3180731.html"; VariantName = "[No Variations]"
Change component parameters (AddParameter): Name = "Design Item ID"; Value = "FRC0805F1000TS"; VariantName = "[No Variations]"
Change component parameters (AddParameter): Name = "Device"; Value = "FRC0805F1000TS"; VariantName = "[No Variations]"
Change component parameters (AddParameter): Name = "FootprintName"; Value = "R0805"; VariantName = "[No Variations]"
Change component parameters (AddParameter): Name = "Group ID"; Value = ""; VariantName = "[No Variations]"
Change component parameters (AddParameter): Name = "JLCPCB Part Class"; Value = "Extended Part"; VariantName = "[No Variations]"
Change component parameters (AddParameter): Name = "LCSC Part Name"; Value = "100O ±1% 125mW ????"; VariantName = "[No Variations]"
Change component parameters (AddParameter): Name = "Manufacturer"; Value = "FOJAN(??)"; VariantName = "[No Variations]"
Change component parameters (AddParameter): Name = "Manufacturer Part Number"; Value = "FRC0805F1000TS"; VariantName = "[No Variations]"
Change component parameters (AddParameter): Name = "ModelId"; Value = "b83c7c5430874b8eb2319a65d9433429?0819f05c4eef4c71ace90d822a990e87"; VariantName = "[No Variations]"
Change component parameters (AddParameter): Name = "ModelName"; Value = "R0805_L2.0-W1.3-H0.6"; VariantName = "[No Variations]"
Change component parameters (AddParameter): Name = "ModelTransform"; Value = "78.74,51.181,0,0,0,0,0,-0.0005,0"; VariantName = "[No Variations]"
Change component parameters (AddParameter): Name = "Operating Temperature"; Value = "-55?~+155?"; VariantName = "[No Variations]"
Change component parameters (AddParameter): Name = "Operating Temperature Range"; Value = ""; VariantName = "[No Variations]"
Change component parameters (AddParameter): Name = "Overload Voltage (Max)"; Value = ""; VariantName = "[No Variations]"
Change component parameters (AddParameter): Name = "Power(Watts)"; Value = "125mW"; VariantName = "[No Variations]"
Change component parameters (AddParameter): Name = "Reuse Block"; Value = ""; VariantName = "[No Variations]"
Change component parameters (AddParameter): Name = "Source"; Value = "P1.SCHLIB"; VariantName = "[No Variations]"
Change component parameters (AddParameter): Name = "Supplier Footprint"; Value = "0805"; VariantName = "[No Variations]"
Change component parameters (AddParameter): Name = "Supplier Part Number"; Value = "C2907218"; VariantName = "[No Variations]"
Change component parameters (AddParameter): Name = "Symbol"; Value = "FRC0805F1000TS"; VariantName = "[No Variations]"
Change component parameters (AddParameter): Name = "Temperature Coefficient"; Value = "±100ppm/?"; VariantName = "[No Variations]"
Change component parameters (AddParameter): Name = "Tolerance"; Value = "1%"; VariantName = "[No Variations]"
Change component parameters (AddParameter): Name = "Type"; Value = "Thick Film Resistor"; VariantName = "[No Variations]"
Change component parameters (AddParameter): Name = "Value"; Value = "100"; VariantName = "[No Variations]"
Change component parameters (AddParameter): Name = "Voltage-Supply(Max)"; Value = "150V"; VariantName = "[No Variations]"
Change component parameters: Designator = "R3" ("R3"); Footprint = "R0805"; UniqueID = "\HOOTPXDO" ("\HOOTPXDO")
Change component parameters (AddParameter): Name = "AddInBom"; Value = "yes"; VariantName = "[No Variations]"
Change component parameters (AddParameter): Name = "Channel ID"; Value = ""; VariantName = "[No Variations]"
Change component parameters (AddParameter): Name = "ConvertToPcb"; Value = "yes"; VariantName = "[No Variations]"
Change component parameters (AddParameter): Name = "Datasheet"; Value = ""; VariantName = "[No Variations]"
Change component parameters (AddParameter): Name = "Design Item ID"; Value = "FRC0805F9103TS"; VariantName = "[No Variations]"
Change component parameters (AddParameter): Name = "Device"; Value = "FRC0805F9103TS"; VariantName = "[No Variations]"
Change component parameters (AddParameter): Name = "FootprintName"; Value = "R0805"; VariantName = "[No Variations]"
Change component parameters (AddParameter): Name = "Group ID"; Value = ""; VariantName = "[No Variations]"
Change component parameters (AddParameter): Name = "JLCPCB Part Class"; Value = "Extended Part"; VariantName = "[No Variations]"
Change component parameters (AddParameter): Name = "LCSC Part Name"; Value = "910kO ±1% 125mW ????"; VariantName = "[No Variations]"
Change component parameters (AddParameter): Name = "Manufacturer"; Value = "FOJAN(??)"; VariantName = "[No Variations]"
Change component parameters (AddParameter): Name = "Manufacturer Part Number"; Value = "FRC0805F9103TS"; VariantName = "[No Variations]"
Change component parameters (AddParameter): Name = "ModelId"; Value = "b83c7c5430874b8eb2319a65d9433429?0819f05c4eef4c71ace90d822a990e87"; VariantName = "[No Variations]"
Change component parameters (AddParameter): Name = "ModelName"; Value = "R0805_L2.0-W1.3-H0.6"; VariantName = "[No Variations]"
Change component parameters (AddParameter): Name = "ModelTransform"; Value = "78.74,51.181,0,0,0,0,0,-0.0005,0"; VariantName = "[No Variations]"
Change component parameters (AddParameter): Name = "Operating Temperature"; Value = "-55?~+155?"; VariantName = "[No Variations]"
Change component parameters (AddParameter): Name = "Operating Temperature Range"; Value = ""; VariantName = "[No Variations]"
Change component parameters (AddParameter): Name = "Overload Voltage (Max)"; Value = ""; VariantName = "[No Variations]"
Change component parameters (AddParameter): Name = "Power(Watts)"; Value = "125mW"; VariantName = "[No Variations]"
Change component parameters (AddParameter): Name = "Reuse Block"; Value = ""; VariantName = "[No Variations]"
Change component parameters (AddParameter): Name = "Source"; Value = "P1.SCHLIB"; VariantName = "[No Variations]"
Change component parameters (AddParameter): Name = "Supplier Footprint"; Value = "0805"; VariantName = "[No Variations]"
Change component parameters (AddParameter): Name = "Supplier Part Number"; Value = "C2999461"; VariantName = "[No Variations]"
Change component parameters (AddParameter): Name = "Symbol"; Value = "FRC0805F9103TS"; VariantName = "[No Variations]"
Change component parameters (AddParameter): Name = "Temperature Coefficient"; Value = "±100ppm/?"; VariantName = "[No Variations]"
Change component parameters (AddParameter): Name = "Tolerance"; Value = "1%"; VariantName = "[No Variations]"
Change component parameters (AddParameter): Name = "Type"; Value = "Thick Film Resistor"; VariantName = "[No Variations]"
Change component parameters (AddParameter): Name = "Value"; Value = "910k"; VariantName = "[No Variations]"
Change component parameters (AddParameter): Name = "Voltage-Supply(Max)"; Value = "150V"; VariantName = "[No Variations]"
Change component parameters: Designator = "R4" ("R4"); Footprint = "R0805"; UniqueID = "\WLGAFECX" ("\WLGAFECX")
Change component parameters (AddParameter): Name = "AddInBom"; Value = "yes"; VariantName = "[No Variations]"
Change component parameters (AddParameter): Name = "Channel ID"; Value = ""; VariantName = "[No Variations]"
Change component parameters (AddParameter): Name = "ConvertToPcb"; Value = "yes"; VariantName = "[No Variations]"
Change component parameters (AddParameter): Name = "Datasheet"; Value = "https://item.szlcsc.com/datasheet/0805W8F1003T5E/160838.html"; VariantName = "[No Variations]"
Change component parameters (AddParameter): Name = "Design Item ID"; Value = "0805W8F1003T5E"; VariantName = "[No Variations]"
Change component parameters (AddParameter): Name = "Device"; Value = "0805W8F1003T5E"; VariantName = "[No Variations]"
Change component parameters (AddParameter): Name = "FootprintName"; Value = "R0805"; VariantName = "[No Variations]"
Change component parameters (AddParameter): Name = "Group ID"; Value = ""; VariantName = "[No Variations]"
Change component parameters (AddParameter): Name = "JLCPCB Part Class"; Value = "Basic Part"; VariantName = "[No Variations]"
Change component parameters (AddParameter): Name = "LCSC Part Name"; Value = "100kO ±1% 125mW ????"; VariantName = "[No Variations]"
Change component parameters (AddParameter): Name = "Manufacturer"; Value = "UNI-ROYAL(??)"; VariantName = "[No Variations]"
Change component parameters (AddParameter): Name = "Manufacturer Part Number"; Value = "0805W8F1003T5E"; VariantName = "[No Variations]"
Change component parameters (AddParameter): Name = "ModelId"; Value = "b83c7c5430874b8eb2319a65d9433429?0819f05c4eef4c71ace90d822a990e87"; VariantName = "[No Variations]"
Change component parameters (AddParameter): Name = "ModelName"; Value = "R0805_L2.0-W1.3-H0.6"; VariantName = "[No Variations]"
Change component parameters (AddParameter): Name = "ModelTransform"; Value = "78.74,51.181,0,0,0,0,0,-0.0005,0"; VariantName = "[No Variations]"
Change component parameters (AddParameter): Name = "Operating Temperature"; Value = "-55?~+155?"; VariantName = "[No Variations]"
Change component parameters (AddParameter): Name = "Operating Temperature Range"; Value = ""; VariantName = "[No Variations]"
Change component parameters (AddParameter): Name = "Overload Voltage (Max)"; Value = ""; VariantName = "[No Variations]"
Change component parameters (AddParameter): Name = "Power(Watts)"; Value = "125mW"; VariantName = "[No Variations]"
Change component parameters (AddParameter): Name = "Reuse Block"; Value = ""; VariantName = "[No Variations]"
Change component parameters (AddParameter): Name = "Source"; Value = "P1.SCHLIB"; VariantName = "[No Variations]"
Change component parameters (AddParameter): Name = "Supplier Footprint"; Value = "0805"; VariantName = "[No Variations]"
Change component parameters (AddParameter): Name = "Supplier Part Number"; Value = "C149504"; VariantName = "[No Variations]"
Change component parameters (AddParameter): Name = "Symbol"; Value = "0805W8F1003T5E_C149504"; VariantName = "[No Variations]"
Change component parameters (AddParameter): Name = "Temperature Coefficient"; Value = "±100ppm/?"; VariantName = "[No Variations]"
Change component parameters (AddParameter): Name = "Tolerance"; Value = "1%"; VariantName = "[No Variations]"
Change component parameters (AddParameter): Name = "Type"; Value = "Thick Film Resistor"; VariantName = "[No Variations]"
Change component parameters (AddParameter): Name = "Value"; Value = "100k"; VariantName = "[No Variations]"
Change component parameters (AddParameter): Name = "Voltage-Supply(Max)"; Value = "150V"; VariantName = "[No Variations]"
Change component parameters: Designator = "R6" ("R6"); Footprint = "R0805"; UniqueID = "\LOHCBXGD" ("\LOHCBXGD")
Change component parameters (AddParameter): Name = "AddInBom"; Value = "yes"; VariantName = "[No Variations]"
Change component parameters (AddParameter): Name = "Channel ID"; Value = ""; VariantName = "[No Variations]"
Change component parameters (AddParameter): Name = "ConvertToPcb"; Value = "yes"; VariantName = "[No Variations]"
Change component parameters (AddParameter): Name = "Datasheet"; Value = ""; VariantName = "[No Variations]"
Change component parameters (AddParameter): Name = "Design Item ID"; Value = "FRC0805F1501TS"; VariantName = "[No Variations]"
Change component parameters (AddParameter): Name = "Device"; Value = "FRC0805F1501TS"; VariantName = "[No Variations]"
Change component parameters (AddParameter): Name = "FootprintName"; Value = "R0805"; VariantName = "[No Variations]"
Change component parameters (AddParameter): Name = "Group ID"; Value = ""; VariantName = "[No Variations]"
Change component parameters (AddParameter): Name = "JLCPCB Part Class"; Value = "Extended Part"; VariantName = "[No Variations]"
Change component parameters (AddParameter): Name = "LCSC Part Name"; Value = "1.5kO ±1% 125mW ????"; VariantName = "[No Variations]"
Change component parameters (AddParameter): Name = "Manufacturer"; Value = "FOJAN(??)"; VariantName = "[No Variations]"
Change component parameters (AddParameter): Name = "Manufacturer Part Number"; Value = "FRC0805F1501TS"; VariantName = "[No Variations]"
Change component parameters (AddParameter): Name = "ModelId"; Value = "b83c7c5430874b8eb2319a65d9433429?0819f05c4eef4c71ace90d822a990e87"; VariantName = "[No Variations]"
Change component parameters (AddParameter): Name = "ModelName"; Value = "R0805_L2.0-W1.3-H0.6"; VariantName = "[No Variations]"
Change component parameters (AddParameter): Name = "ModelTransform"; Value = "78.74,51.181,0,0,0,0,0,-0.0005,0"; VariantName = "[No Variations]"
Change component parameters (AddParameter): Name = "Operating Temperature"; Value = "-55?~+155?"; VariantName = "[No Variations]"
Change component parameters (AddParameter): Name = "Operating Temperature Range"; Value = ""; VariantName = "[No Variations]"
Change component parameters (AddParameter): Name = "Overload Voltage (Max)"; Value = ""; VariantName = "[No Variations]"
Change component parameters (AddParameter): Name = "Power(Watts)"; Value = "125mW"; VariantName = "[No Variations]"
Change component parameters (AddParameter): Name = "Reuse Block"; Value = ""; VariantName = "[No Variations]"
Change component parameters (AddParameter): Name = "Source"; Value = "P1.SCHLIB"; VariantName = "[No Variations]"
Change component parameters (AddParameter): Name = "Supplier Footprint"; Value = "0805"; VariantName = "[No Variations]"
Change component parameters (AddParameter): Name = "Supplier Part Number"; Value = "C2907216"; VariantName = "[No Variations]"
Change component parameters (AddParameter): Name = "Symbol"; Value = "FRC0805F1501TS"; VariantName = "[No Variations]"
Change component parameters (AddParameter): Name = "Temperature Coefficient"; Value = "±100ppm/?"; VariantName = "[No Variations]"
Change component parameters (AddParameter): Name = "Tolerance"; Value = "1%"; VariantName = "[No Variations]"
Change component parameters (AddParameter): Name = "Type"; Value = "Thick Film Resistor"; VariantName = "[No Variations]"
Change component parameters (AddParameter): Name = "Value"; Value = "1.5k"; VariantName = "[No Variations]"
Change component parameters (AddParameter): Name = "Voltage-Supply(Max)"; Value = "150V"; VariantName = "[No Variations]"
Change component parameters: Designator = "R7" ("R7"); Footprint = "R0805"; UniqueID = "\QAKAUAPU" ("\QAKAUAPU")
Change component parameters (AddParameter): Name = "AddInBom"; Value = "yes"; VariantName = "[No Variations]"
Change component parameters (AddParameter): Name = "Channel ID"; Value = ""; VariantName = "[No Variations]"
Change component parameters (AddParameter): Name = "ConvertToPcb"; Value = "yes"; VariantName = "[No Variations]"
Change component parameters (AddParameter): Name = "Datasheet"; Value = ""; VariantName = "[No Variations]"
Change component parameters (AddParameter): Name = "Design Item ID"; Value = "FRC0805F1004TS"; VariantName = "[No Variations]"
Change component parameters (AddParameter): Name = "Device"; Value = "FRC0805F1004TS"; VariantName = "[No Variations]"
Change component parameters (AddParameter): Name = "FootprintName"; Value = "R0805"; VariantName = "[No Variations]"
Change component parameters (AddParameter): Name = "Group ID"; Value = ""; VariantName = "[No Variations]"
Change component parameters (AddParameter): Name = "JLCPCB Part Class"; Value = "Extended Part"; VariantName = "[No Variations]"
Change component parameters (AddParameter): Name = "LCSC Part Name"; Value = "1MO ±1% 125mW ????"; VariantName = "[No Variations]"
Change component parameters (AddParameter): Name = "Manufacturer"; Value = "FOJAN(??)"; VariantName = "[No Variations]"
Change component parameters (AddParameter): Name = "Manufacturer Part Number"; Value = "FRC0805F1004TS"; VariantName = "[No Variations]"
Change component parameters (AddParameter): Name = "ModelId"; Value = "b83c7c5430874b8eb2319a65d9433429?0819f05c4eef4c71ace90d822a990e87"; VariantName = "[No Variations]"
Change component parameters (AddParameter): Name = "ModelName"; Value = "R0805_L2.0-W1.3-H0.6"; VariantName = "[No Variations]"
Change component parameters (AddParameter): Name = "ModelTransform"; Value = "78.74,51.181,0,0,0,0,0,-0.0005,0"; VariantName = "[No Variations]"
Change component parameters (AddParameter): Name = "Operating Temperature"; Value = "-55?~+155?"; VariantName = "[No Variations]"
Change component parameters (AddParameter): Name = "Operating Temperature Range"; Value = ""; VariantName = "[No Variations]"
Change component parameters (AddParameter): Name = "Overload Voltage (Max)"; Value = ""; VariantName = "[No Variations]"
Change component parameters (AddParameter): Name = "Power(Watts)"; Value = "125mW"; VariantName = "[No Variations]"
Change component parameters (AddParameter): Name = "Reuse Block"; Value = ""; VariantName = "[No Variations]"
Change component parameters (AddParameter): Name = "Source"; Value = "P1.SCHLIB"; VariantName = "[No Variations]"
Change component parameters (AddParameter): Name = "Supplier Footprint"; Value = "0805"; VariantName = "[No Variations]"
Change component parameters (AddParameter): Name = "Supplier Part Number"; Value = "C2933280"; VariantName = "[No Variations]"
Change component parameters (AddParameter): Name = "Symbol"; Value = "FRC0805F1004TS"; VariantName = "[No Variations]"
Change component parameters (AddParameter): Name = "Temperature Coefficient"; Value = "±100ppm/?"; VariantName = "[No Variations]"
Change component parameters (AddParameter): Name = "Tolerance"; Value = "1%"; VariantName = "[No Variations]"
Change component parameters (AddParameter): Name = "Type"; Value = "Thick Film Resistor"; VariantName = "[No Variations]"
Change component parameters (AddParameter): Name = "Value"; Value = "1M"; VariantName = "[No Variations]"
Change component parameters (AddParameter): Name = "Voltage-Supply(Max)"; Value = "150V"; VariantName = "[No Variations]"
Change component parameters: Designator = "R9" ("R9"); Footprint = "R0805"; UniqueID = "\GHBTQOES" ("\GHBTQOES")
Change component parameters (AddParameter): Name = "AddInBom"; Value = "yes"; VariantName = "[No Variations]"
Change component parameters (AddParameter): Name = "Channel ID"; Value = ""; VariantName = "[No Variations]"
Change component parameters (AddParameter): Name = "ConvertToPcb"; Value = "yes"; VariantName = "[No Variations]"
Change component parameters (AddParameter): Name = "Datasheet"; Value = "https://item.szlcsc.com/datasheet/FRC0805F1000TS/3180731.html"; VariantName = "[No Variations]"
Change component parameters (AddParameter): Name = "Design Item ID"; Value = "FRC0805F1000TS"; VariantName = "[No Variations]"
Change component parameters (AddParameter): Name = "Device"; Value = "FRC0805F1000TS"; VariantName = "[No Variations]"
Change component parameters (AddParameter): Name = "FootprintName"; Value = "R0805"; VariantName = "[No Variations]"
Change component parameters (AddParameter): Name = "Group ID"; Value = ""; VariantName = "[No Variations]"
Change component parameters (AddParameter): Name = "JLCPCB Part Class"; Value = "Extended Part"; VariantName = "[No Variations]"
Change component parameters (AddParameter): Name = "LCSC Part Name"; Value = "100O ±1% 125mW ????"; VariantName = "[No Variations]"
Change component parameters (AddParameter): Name = "Manufacturer"; Value = "FOJAN(??)"; VariantName = "[No Variations]"
Change component parameters (AddParameter): Name = "Manufacturer Part Number"; Value = "FRC0805F1000TS"; VariantName = "[No Variations]"
Change component parameters (AddParameter): Name = "ModelId"; Value = "b83c7c5430874b8eb2319a65d9433429?0819f05c4eef4c71ace90d822a990e87"; VariantName = "[No Variations]"
Change component parameters (AddParameter): Name = "ModelName"; Value = "R0805_L2.0-W1.3-H0.6"; VariantName = "[No Variations]"
Change component parameters (AddParameter): Name = "ModelTransform"; Value = "78.74,51.181,0,0,0,0,0,-0.0005,0"; VariantName = "[No Variations]"
Change component parameters (AddParameter): Name = "Operating Temperature"; Value = "-55?~+155?"; VariantName = "[No Variations]"
Change component parameters (AddParameter): Name = "Operating Temperature Range"; Value = ""; VariantName = "[No Variations]"
Change component parameters (AddParameter): Name = "Overload Voltage (Max)"; Value = ""; VariantName = "[No Variations]"
Change component parameters (AddParameter): Name = "Power(Watts)"; Value = "125mW"; VariantName = "[No Variations]"
Change component parameters (AddParameter): Name = "Reuse Block"; Value = ""; VariantName = "[No Variations]"
Change component parameters (AddParameter): Name = "Source"; Value = "P1.SCHLIB"; VariantName = "[No Variations]"
Change component parameters (AddParameter): Name = "Supplier Footprint"; Value = "0805"; VariantName = "[No Variations]"
Change component parameters (AddParameter): Name = "Supplier Part Number"; Value = "C2907218"; VariantName = "[No Variations]"
Change component parameters (AddParameter): Name = "Symbol"; Value = "FRC0805F1000TS"; VariantName = "[No Variations]"
Change component parameters (AddParameter): Name = "Temperature Coefficient"; Value = "±100ppm/?"; VariantName = "[No Variations]"
Change component parameters (AddParameter): Name = "Tolerance"; Value = "1%"; VariantName = "[No Variations]"
Change component parameters (AddParameter): Name = "Type"; Value = "Thick Film Resistor"; VariantName = "[No Variations]"
Change component parameters (AddParameter): Name = "Value"; Value = "100"; VariantName = "[No Variations]"
Change component parameters (AddParameter): Name = "Voltage-Supply(Max)"; Value = "150V"; VariantName = "[No Variations]"
Change component parameters: Designator = "R10" ("R10"); Footprint = "R0805"; UniqueID = "\BEBBGPFU" ("\BEBBGPFU")
Change component parameters (AddParameter): Name = "AddInBom"; Value = "yes"; VariantName = "[No Variations]"
Change component parameters (AddParameter): Name = "Channel ID"; Value = ""; VariantName = "[No Variations]"
Change component parameters (AddParameter): Name = "ConvertToPcb"; Value = "yes"; VariantName = "[No Variations]"
Change component parameters (AddParameter): Name = "Datasheet"; Value = "https://item.szlcsc.com/datasheet/0805W8F1003T5E/160838.html"; VariantName = "[No Variations]"
Change component parameters (AddParameter): Name = "Design Item ID"; Value = "0805W8F1003T5E"; VariantName = "[No Variations]"
Change component parameters (AddParameter): Name = "Device"; Value = "0805W8F1003T5E"; VariantName = "[No Variations]"
Change component parameters (AddParameter): Name = "FootprintName"; Value = "R0805"; VariantName = "[No Variations]"
Change component parameters (AddParameter): Name = "Group ID"; Value = ""; VariantName = "[No Variations]"
Change component parameters (AddParameter): Name = "JLCPCB Part Class"; Value = "Basic Part"; VariantName = "[No Variations]"
Change component parameters (AddParameter): Name = "LCSC Part Name"; Value = "100kO ±1% 125mW ????"; VariantName = "[No Variations]"
Change component parameters (AddParameter): Name = "Manufacturer"; Value = "UNI-ROYAL(??)"; VariantName = "[No Variations]"
Change component parameters (AddParameter): Name = "Manufacturer Part Number"; Value = "0805W8F1003T5E"; VariantName = "[No Variations]"
Change component parameters (AddParameter): Name = "ModelId"; Value = "b83c7c5430874b8eb2319a65d9433429?0819f05c4eef4c71ace90d822a990e87"; VariantName = "[No Variations]"
Change component parameters (AddParameter): Name = "ModelName"; Value = "R0805_L2.0-W1.3-H0.6"; VariantName = "[No Variations]"
Change component parameters (AddParameter): Name = "ModelTransform"; Value = "78.74,51.181,0,0,0,0,0,-0.0005,0"; VariantName = "[No Variations]"
Change component parameters (AddParameter): Name = "Operating Temperature"; Value = "-55?~+155?"; VariantName = "[No Variations]"
Change component parameters (AddParameter): Name = "Operating Temperature Range"; Value = ""; VariantName = "[No Variations]"
Change component parameters (AddParameter): Name = "Overload Voltage (Max)"; Value = ""; VariantName = "[No Variations]"
Change component parameters (AddParameter): Name = "Power(Watts)"; Value = "125mW"; VariantName = "[No Variations]"
Change component parameters (AddParameter): Name = "Reuse Block"; Value = ""; VariantName = "[No Variations]"
Change component parameters (AddParameter): Name = "Source"; Value = "P1.SCHLIB"; VariantName = "[No Variations]"
Change component parameters (AddParameter): Name = "Supplier Footprint"; Value = "0805"; VariantName = "[No Variations]"
Change component parameters (AddParameter): Name = "Supplier Part Number"; Value = "C149504"; VariantName = "[No Variations]"
Change component parameters (AddParameter): Name = "Symbol"; Value = "0805W8F1003T5E_C149504"; VariantName = "[No Variations]"
Change component parameters (AddParameter): Name = "Temperature Coefficient"; Value = "±100ppm/?"; VariantName = "[No Variations]"
Change component parameters (AddParameter): Name = "Tolerance"; Value = "1%"; VariantName = "[No Variations]"
Change component parameters (AddParameter): Name = "Type"; Value = "Thick Film Resistor"; VariantName = "[No Variations]"
Change component parameters (AddParameter): Name = "Value"; Value = "100k"; VariantName = "[No Variations]"
Change component parameters (AddParameter): Name = "Voltage-Supply(Max)"; Value = "150V"; VariantName = "[No Variations]"
Change component parameters: Designator = "R11" ("R11"); Footprint = "R0805"; UniqueID = "\PMEFABMS" ("\PMEFABMS")
Change component parameters (AddParameter): Name = "AddInBom"; Value = "yes"; VariantName = "[No Variations]"
Change component parameters (AddParameter): Name = "Channel ID"; Value = ""; VariantName = "[No Variations]"
Change component parameters (AddParameter): Name = "ConvertToPcb"; Value = "yes"; VariantName = "[No Variations]"
Change component parameters (AddParameter): Name = "Datasheet"; Value = ""; VariantName = "[No Variations]"
Change component parameters (AddParameter): Name = "Design Item ID"; Value = "FRC0805F9103TS"; VariantName = "[No Variations]"
Change component parameters (AddParameter): Name = "Device"; Value = "FRC0805F9103TS"; VariantName = "[No Variations]"
Change component parameters (AddParameter): Name = "FootprintName"; Value = "R0805"; VariantName = "[No Variations]"
Change component parameters (AddParameter): Name = "Group ID"; Value = ""; VariantName = "[No Variations]"
Change component parameters (AddParameter): Name = "JLCPCB Part Class"; Value = "Extended Part"; VariantName = "[No Variations]"
Change component parameters (AddParameter): Name = "LCSC Part Name"; Value = "910kO ±1% 125mW ????"; VariantName = "[No Variations]"
Change component parameters (AddParameter): Name = "Manufacturer"; Value = "FOJAN(??)"; VariantName = "[No Variations]"
Change component parameters (AddParameter): Name = "Manufacturer Part Number"; Value = "FRC0805F9103TS"; VariantName = "[No Variations]"
Change component parameters (AddParameter): Name = "ModelId"; Value = "b83c7c5430874b8eb2319a65d9433429?0819f05c4eef4c71ace90d822a990e87"; VariantName = "[No Variations]"
Change component parameters (AddParameter): Name = "ModelName"; Value = "R0805_L2.0-W1.3-H0.6"; VariantName = "[No Variations]"
Change component parameters (AddParameter): Name = "ModelTransform"; Value = "78.74,51.181,0,0,0,0,0,-0.0005,0"; VariantName = "[No Variations]"
Change component parameters (AddParameter): Name = "Operating Temperature"; Value = "-55?~+155?"; VariantName = "[No Variations]"
Change component parameters (AddParameter): Name = "Operating Temperature Range"; Value = ""; VariantName = "[No Variations]"
Change component parameters (AddParameter): Name = "Overload Voltage (Max)"; Value = ""; VariantName = "[No Variations]"
Change component parameters (AddParameter): Name = "Power(Watts)"; Value = "125mW"; VariantName = "[No Variations]"
Change component parameters (AddParameter): Name = "Reuse Block"; Value = ""; VariantName = "[No Variations]"
Change component parameters (AddParameter): Name = "Source"; Value = "P1.SCHLIB"; VariantName = "[No Variations]"
Change component parameters (AddParameter): Name = "Supplier Footprint"; Value = "0805"; VariantName = "[No Variations]"
Change component parameters (AddParameter): Name = "Supplier Part Number"; Value = "C2999461"; VariantName = "[No Variations]"
Change component parameters (AddParameter): Name = "Symbol"; Value = "FRC0805F9103TS"; VariantName = "[No Variations]"
Change component parameters (AddParameter): Name = "Temperature Coefficient"; Value = "±100ppm/?"; VariantName = "[No Variations]"
Change component parameters (AddParameter): Name = "Tolerance"; Value = "1%"; VariantName = "[No Variations]"
Change component parameters (AddParameter): Name = "Type"; Value = "Thick Film Resistor"; VariantName = "[No Variations]"
Change component parameters (AddParameter): Name = "Value"; Value = "910k"; VariantName = "[No Variations]"
Change component parameters (AddParameter): Name = "Voltage-Supply(Max)"; Value = "150V"; VariantName = "[No Variations]"
Change component parameters: Designator = "R12" ("R12"); Footprint = "R0805"; UniqueID = "\GMUEAUQS" ("\GMUEAUQS")
Change component parameters (AddParameter): Name = "AddInBom"; Value = "yes"; VariantName = "[No Variations]"
Change component parameters (AddParameter): Name = "Channel ID"; Value = ""; VariantName = "[No Variations]"
Change component parameters (AddParameter): Name = "ConvertToPcb"; Value = "yes"; VariantName = "[No Variations]"
Change component parameters (AddParameter): Name = "Datasheet"; Value = "https://item.szlcsc.com/datasheet/FRC0805F3571TS/3279527.html"; VariantName = "[No Variations]"
Change component parameters (AddParameter): Name = "Design Item ID"; Value = "FRC0805F3571TS"; VariantName = "[No Variations]"
Change component parameters (AddParameter): Name = "Device"; Value = "FRC0805F3571TS"; VariantName = "[No Variations]"
Change component parameters (AddParameter): Name = "FootprintName"; Value = "R0805"; VariantName = "[No Variations]"
Change component parameters (AddParameter): Name = "Group ID"; Value = ""; VariantName = "[No Variations]"
Change component parameters (AddParameter): Name = "JLCPCB Part Class"; Value = "Extended Part"; VariantName = "[No Variations]"
Change component parameters (AddParameter): Name = "LCSC Part Name"; Value = "3.57kO ±1% 125mW ????"; VariantName = "[No Variations]"
Change component parameters (AddParameter): Name = "Manufacturer"; Value = "FOJAN(??)"; VariantName = "[No Variations]"
Change component parameters (AddParameter): Name = "Manufacturer Part Number"; Value = "FRC0805F3571TS"; VariantName = "[No Variations]"
Change component parameters (AddParameter): Name = "ModelId"; Value = "b83c7c5430874b8eb2319a65d9433429?0819f05c4eef4c71ace90d822a990e87"; VariantName = "[No Variations]"
Change component parameters (AddParameter): Name = "ModelName"; Value = "R0805_L2.0-W1.3-H0.6"; VariantName = "[No Variations]"
Change component parameters (AddParameter): Name = "ModelTransform"; Value = "78.74,51.181,0,0,0,0,0,-0.0005,0"; VariantName = "[No Variations]"
Change component parameters (AddParameter): Name = "Operating Temperature"; Value = "-55?~+155?"; VariantName = "[No Variations]"
Change component parameters (AddParameter): Name = "Operating Temperature Range"; Value = ""; VariantName = "[No Variations]"
Change component parameters (AddParameter): Name = "Overload Voltage (Max)"; Value = ""; VariantName = "[No Variations]"
Change component parameters (AddParameter): Name = "Power(Watts)"; Value = "125mW"; VariantName = "[No Variations]"
Change component parameters (AddParameter): Name = "Reuse Block"; Value = ""; VariantName = "[No Variations]"
Change component parameters (AddParameter): Name = "Source"; Value = "P1.SCHLIB"; VariantName = "[No Variations]"
Change component parameters (AddParameter): Name = "Supplier Footprint"; Value = "0805"; VariantName = "[No Variations]"
Change component parameters (AddParameter): Name = "Supplier Part Number"; Value = "C2933425"; VariantName = "[No Variations]"
Change component parameters (AddParameter): Name = "Symbol"; Value = "FRC0805F3571TS"; VariantName = "[No Variations]"
Change component parameters (AddParameter): Name = "Temperature Coefficient"; Value = "±100ppm/?"; VariantName = "[No Variations]"
Change component parameters (AddParameter): Name = "Tolerance"; Value = "1%"; VariantName = "[No Variations]"
Change component parameters (AddParameter): Name = "Type"; Value = "Thick Film Resistor"; VariantName = "[No Variations]"
Change component parameters (AddParameter): Name = "Value"; Value = "3.57k"; VariantName = "[No Variations]"
Change component parameters (AddParameter): Name = "Voltage-Supply(Max)"; Value = "150V"; VariantName = "[No Variations]"
Change component parameters: Designator = "R13" ("R13"); Footprint = "R0805"; UniqueID = "\BHEPKSFX" ("\BHEPKSFX")
Change component parameters (AddParameter): Name = "AddInBom"; Value = "yes"; VariantName = "[No Variations]"
Change component parameters (AddParameter): Name = "Channel ID"; Value = ""; VariantName = "[No Variations]"
Change component parameters (AddParameter): Name = "ConvertToPcb"; Value = "yes"; VariantName = "[No Variations]"
Change component parameters (AddParameter): Name = "Datasheet"; Value = "https://item.szlcsc.com/datasheet/FRC0805F6981TS/3279591.html"; VariantName = "[No Variations]"
Change component parameters (AddParameter): Name = "Design Item ID"; Value = "FRC0805F6981TS"; VariantName = "[No Variations]"
Change component parameters (AddParameter): Name = "Device"; Value = "FRC0805F6981TS"; VariantName = "[No Variations]"
Change component parameters (AddParameter): Name = "FootprintName"; Value = "R0805"; VariantName = "[No Variations]"
Change component parameters (AddParameter): Name = "Group ID"; Value = ""; VariantName = "[No Variations]"
Change component parameters (AddParameter): Name = "JLCPCB Part Class"; Value = "Extended Part"; VariantName = "[No Variations]"
Change component parameters (AddParameter): Name = "LCSC Part Name"; Value = "6.98kO ±1% 125mW ????"; VariantName = "[No Variations]"
Change component parameters (AddParameter): Name = "Manufacturer"; Value = "FOJAN(??)"; VariantName = "[No Variations]"
Change component parameters (AddParameter): Name = "Manufacturer Part Number"; Value = "FRC0805F6981TS"; VariantName = "[No Variations]"
Change component parameters (AddParameter): Name = "ModelId"; Value = "b83c7c5430874b8eb2319a65d9433429?0819f05c4eef4c71ace90d822a990e87"; VariantName = "[No Variations]"
Change component parameters (AddParameter): Name = "ModelName"; Value = "R0805_L2.0-W1.3-H0.6"; VariantName = "[No Variations]"
Change component parameters (AddParameter): Name = "ModelTransform"; Value = "78.74,51.181,0,0,0,0,0,-0.0005,0"; VariantName = "[No Variations]"
Change component parameters (AddParameter): Name = "Operating Temperature"; Value = "-55?~+155?"; VariantName = "[No Variations]"
Change component parameters (AddParameter): Name = "Operating Temperature Range"; Value = ""; VariantName = "[No Variations]"
Change component parameters (AddParameter): Name = "Overload Voltage (Max)"; Value = ""; VariantName = "[No Variations]"
Change component parameters (AddParameter): Name = "Power(Watts)"; Value = "125mW"; VariantName = "[No Variations]"
Change component parameters (AddParameter): Name = "Reuse Block"; Value = ""; VariantName = "[No Variations]"
Change component parameters (AddParameter): Name = "Source"; Value = "P1.SCHLIB"; VariantName = "[No Variations]"
Change component parameters (AddParameter): Name = "Supplier Footprint"; Value = "0805"; VariantName = "[No Variations]"
Change component parameters (AddParameter): Name = "Supplier Part Number"; Value = "C2933489"; VariantName = "[No Variations]"
Change component parameters (AddParameter): Name = "Symbol"; Value = "FRC0805F6981TS"; VariantName = "[No Variations]"
Change component parameters (AddParameter): Name = "Temperature Coefficient"; Value = "±100ppm/?"; VariantName = "[No Variations]"
Change component parameters (AddParameter): Name = "Tolerance"; Value = "1%"; VariantName = "[No Variations]"
Change component parameters (AddParameter): Name = "Type"; Value = "Thick Film Resistor"; VariantName = "[No Variations]"
Change component parameters (AddParameter): Name = "Value"; Value = "6.98k"; VariantName = "[No Variations]"
Change component parameters (AddParameter): Name = "Voltage-Supply(Max)"; Value = "150V"; VariantName = "[No Variations]"
Change component parameters: Designator = "R14" ("R14"); Footprint = "R0805"; UniqueID = "\KXKNHQCD" ("\KXKNHQCD")
Change component parameters (AddParameter): Name = "AddInBom"; Value = "yes"; VariantName = "[No Variations]"
Change component parameters (AddParameter): Name = "Channel ID"; Value = ""; VariantName = "[No Variations]"
Change component parameters (AddParameter): Name = "ConvertToPcb"; Value = "yes"; VariantName = "[No Variations]"
Change component parameters (AddParameter): Name = "Datasheet"; Value = "https://item.szlcsc.com/datasheet/RT0805BRD0710K1L/925214.html"; VariantName = "[No Variations]"
Change component parameters (AddParameter): Name = "Design Item ID"; Value = "RT0805BRD0710K1L"; VariantName = "[No Variations]"
Change component parameters (AddParameter): Name = "Device"; Value = "RT0805BRD0710K1L"; VariantName = "[No Variations]"
Change component parameters (AddParameter): Name = "FootprintName"; Value = "R0805"; VariantName = "[No Variations]"
Change component parameters (AddParameter): Name = "Group ID"; Value = ""; VariantName = "[No Variations]"
Change component parameters (AddParameter): Name = "JLCPCB Part Class"; Value = "Extended Part"; VariantName = "[No Variations]"
Change component parameters (AddParameter): Name = "LCSC Part Name"; Value = "???? 10.1kO ±0.1% 125mW"; VariantName = "[No Variations]"
Change component parameters (AddParameter): Name = "Manufacturer"; Value = "YAGEO(??)"; VariantName = "[No Variations]"
Change component parameters (AddParameter): Name = "Manufacturer Part Number"; Value = "RT0805BRD0710K1L"; VariantName = "[No Variations]"
Change component parameters (AddParameter): Name = "ModelId"; Value = "b83c7c5430874b8eb2319a65d9433429?0819f05c4eef4c71ace90d822a990e87"; VariantName = "[No Variations]"
Change component parameters (AddParameter): Name = "ModelName"; Value = "R0805_L2.0-W1.3-H0.6"; VariantName = "[No Variations]"
Change component parameters (AddParameter): Name = "ModelTransform"; Value = "78.74,51.181,0,0,0,0,0,-0.0005,0"; VariantName = "[No Variations]"
Change component parameters (AddParameter): Name = "Operating Temperature"; Value = "-55?~+155?"; VariantName = "[No Variations]"
Change component parameters (AddParameter): Name = "Operating Temperature Range"; Value = ""; VariantName = "[No Variations]"
Change component parameters (AddParameter): Name = "Overload Voltage (Max)"; Value = ""; VariantName = "[No Variations]"
Change component parameters (AddParameter): Name = "Power(Watts)"; Value = "125mW"; VariantName = "[No Variations]"
Change component parameters (AddParameter): Name = "Reuse Block"; Value = ""; VariantName = "[No Variations]"
Change component parameters (AddParameter): Name = "Source"; Value = "P1.SCHLIB"; VariantName = "[No Variations]"
Change component parameters (AddParameter): Name = "Supplier Footprint"; Value = "0805"; VariantName = "[No Variations]"
Change component parameters (AddParameter): Name = "Supplier Part Number"; Value = "C865133"; VariantName = "[No Variations]"
Change component parameters (AddParameter): Name = "Symbol"; Value = "RT0805BRD0710K1L"; VariantName = "[No Variations]"
Change component parameters (AddParameter): Name = "Temperature Coefficient"; Value = "±25ppm/?"; VariantName = "[No Variations]"
Change component parameters (AddParameter): Name = "Tolerance"; Value = "0.1%"; VariantName = "[No Variations]"
Change component parameters (AddParameter): Name = "Type"; Value = "Thin Film Resistor"; VariantName = "[No Variations]"
Change component parameters (AddParameter): Name = "Value"; Value = "10.1k"; VariantName = "[No Variations]"
Change component parameters (AddParameter): Name = "Voltage-Supply(Max)"; Value = ""; VariantName = "[No Variations]"
Change component parameters: Designator = "R15" ("R15"); Footprint = "R0805"; UniqueID = "\CLSLQFYX" ("\CLSLQFYX")
Change component parameters (AddParameter): Name = "AddInBom"; Value = "yes"; VariantName = "[No Variations]"
Change component parameters (AddParameter): Name = "Channel ID"; Value = ""; VariantName = "[No Variations]"
Change component parameters (AddParameter): Name = "ConvertToPcb"; Value = "yes"; VariantName = "[No Variations]"
Change component parameters (AddParameter): Name = "Datasheet"; Value = "https://item.szlcsc.com/datasheet/0805W8F1872T5E/18187.html"; VariantName = "[No Variations]"
Change component parameters (AddParameter): Name = "Design Item ID"; Value = "0805W8F1872T5E"; VariantName = "[No Variations]"
Change component parameters (AddParameter): Name = "Device"; Value = "0805W8F1872T5E"; VariantName = "[No Variations]"
Change component parameters (AddParameter): Name = "FootprintName"; Value = "R0805"; VariantName = "[No Variations]"
Change component parameters (AddParameter): Name = "Group ID"; Value = ""; VariantName = "[No Variations]"
Change component parameters (AddParameter): Name = "JLCPCB Part Class"; Value = "Extended Part"; VariantName = "[No Variations]"
Change component parameters (AddParameter): Name = "LCSC Part Name"; Value = "18.7kO ±1% 125mW ????"; VariantName = "[No Variations]"
Change component parameters (AddParameter): Name = "Manufacturer"; Value = "UNI-ROYAL(??)"; VariantName = "[No Variations]"
Change component parameters (AddParameter): Name = "Manufacturer Part Number"; Value = "0805W8F1872T5E"; VariantName = "[No Variations]"
Change component parameters (AddParameter): Name = "ModelId"; Value = "b83c7c5430874b8eb2319a65d9433429?0819f05c4eef4c71ace90d822a990e87"; VariantName = "[No Variations]"
Change component parameters (AddParameter): Name = "ModelName"; Value = "R0805_L2.0-W1.3-H0.6"; VariantName = "[No Variations]"
Change component parameters (AddParameter): Name = "ModelTransform"; Value = "78.74,51.181,0,0,0,0,0,-0.0005,0"; VariantName = "[No Variations]"
Change component parameters (AddParameter): Name = "Operating Temperature"; Value = "-55?~+155?"; VariantName = "[No Variations]"
Change component parameters (AddParameter): Name = "Operating Temperature Range"; Value = ""; VariantName = "[No Variations]"
Change component parameters (AddParameter): Name = "Overload Voltage (Max)"; Value = ""; VariantName = "[No Variations]"
Change component parameters (AddParameter): Name = "Power(Watts)"; Value = "125mW"; VariantName = "[No Variations]"
Change component parameters (AddParameter): Name = "Reuse Block"; Value = ""; VariantName = "[No Variations]"
Change component parameters (AddParameter): Name = "Source"; Value = "P1.SCHLIB"; VariantName = "[No Variations]"
Change component parameters (AddParameter): Name = "Supplier Footprint"; Value = "0805"; VariantName = "[No Variations]"
Change component parameters (AddParameter): Name = "Supplier Part Number"; Value = "C17499"; VariantName = "[No Variations]"
Change component parameters (AddParameter): Name = "Symbol"; Value = "0805W8F1872T5E"; VariantName = "[No Variations]"
Change component parameters (AddParameter): Name = "Temperature Coefficient"; Value = "±100ppm/?"; VariantName = "[No Variations]"
Change component parameters (AddParameter): Name = "Tolerance"; Value = "1%"; VariantName = "[No Variations]"
Change component parameters (AddParameter): Name = "Type"; Value = "Thick Film Resistor"; VariantName = "[No Variations]"
Change component parameters (AddParameter): Name = "Value"; Value = "18.7k"; VariantName = "[No Variations]"
Change component parameters (AddParameter): Name = "Voltage-Supply(Max)"; Value = "150V"; VariantName = "[No Variations]"
Change component parameters: Designator = "R16" ("R16"); Footprint = "R0805"; UniqueID = "\GWKMXYFD" ("\GWKMXYFD")
Change component parameters (AddParameter): Name = "AddInBom"; Value = "yes"; VariantName = "[No Variations]"
Change component parameters (AddParameter): Name = "Channel ID"; Value = ""; VariantName = "[No Variations]"
Change component parameters (AddParameter): Name = "ConvertToPcb"; Value = "yes"; VariantName = "[No Variations]"
Change component parameters (AddParameter): Name = "Datasheet"; Value = "https://item.szlcsc.com/datasheet/RC0805FR-077K68L/262366.html"; VariantName = "[No Variations]"
Change component parameters (AddParameter): Name = "Design Item ID"; Value = "RC0805FR-077K68L"; VariantName = "[No Variations]"
Change component parameters (AddParameter): Name = "Device"; Value = "RC0805FR-077K68L"; VariantName = "[No Variations]"
Change component parameters (AddParameter): Name = "FootprintName"; Value = "R0805"; VariantName = "[No Variations]"
Change component parameters (AddParameter): Name = "Group ID"; Value = ""; VariantName = "[No Variations]"
Change component parameters (AddParameter): Name = "JLCPCB Part Class"; Value = "Extended Part"; VariantName = "[No Variations]"
Change component parameters (AddParameter): Name = "LCSC Part Name"; Value = "???? 7.68kO ±1% 125mW"; VariantName = "[No Variations]"
Change component parameters (AddParameter): Name = "Manufacturer"; Value = "YAGEO(??)"; VariantName = "[No Variations]"
Change component parameters (AddParameter): Name = "Manufacturer Part Number"; Value = "RC0805FR-077K68L"; VariantName = "[No Variations]"
Change component parameters (AddParameter): Name = "ModelId"; Value = "b83c7c5430874b8eb2319a65d9433429?0819f05c4eef4c71ace90d822a990e87"; VariantName = "[No Variations]"
Change component parameters (AddParameter): Name = "ModelName"; Value = "R0805_L2.0-W1.3-H0.6"; VariantName = "[No Variations]"
Change component parameters (AddParameter): Name = "ModelTransform"; Value = "78.74,51.181,0,0,0,0,0,-0.0005,0"; VariantName = "[No Variations]"
Change component parameters (AddParameter): Name = "Operating Temperature"; Value = "-55?~+155?"; VariantName = "[No Variations]"
Change component parameters (AddParameter): Name = "Operating Temperature Range"; Value = ""; VariantName = "[No Variations]"
Change component parameters (AddParameter): Name = "Overload Voltage (Max)"; Value = ""; VariantName = "[No Variations]"
Change component parameters (AddParameter): Name = "Power(Watts)"; Value = "125mW"; VariantName = "[No Variations]"
Change component parameters (AddParameter): Name = "Reuse Block"; Value = ""; VariantName = "[No Variations]"
Change component parameters (AddParameter): Name = "Source"; Value = "P1.SCHLIB"; VariantName = "[No Variations]"
Change component parameters (AddParameter): Name = "Supplier Footprint"; Value = "0805"; VariantName = "[No Variations]"
Change component parameters (AddParameter): Name = "Supplier Part Number"; Value = "C273951"; VariantName = "[No Variations]"
Change component parameters (AddParameter): Name = "Symbol"; Value = "RC0805FR-077K68L"; VariantName = "[No Variations]"
Change component parameters (AddParameter): Name = "Temperature Coefficient"; Value = "±100ppm/?"; VariantName = "[No Variations]"
Change component parameters (AddParameter): Name = "Tolerance"; Value = "1%"; VariantName = "[No Variations]"
Change component parameters (AddParameter): Name = "Type"; Value = "Thick Film Resistor"; VariantName = "[No Variations]"
Change component parameters (AddParameter): Name = "Value"; Value = "7.68k"; VariantName = "[No Variations]"
Change component parameters (AddParameter): Name = "Voltage-Supply(Max)"; Value = "150V"; VariantName = "[No Variations]"
Change component parameters: Designator = "R17" ("R17"); Footprint = "R0805"; UniqueID = "\MJMJJHKU" ("\MJMJJHKU")
Change component parameters (AddParameter): Name = "AddInBom"; Value = "yes"; VariantName = "[No Variations]"
Change component parameters (AddParameter): Name = "Channel ID"; Value = ""; VariantName = "[No Variations]"
Change component parameters (AddParameter): Name = "ConvertToPcb"; Value = "yes"; VariantName = "[No Variations]"
Change component parameters (AddParameter): Name = "Datasheet"; Value = "https://item.szlcsc.com/datasheet/FRC0805F3402TS/3279522.html"; VariantName = "[No Variations]"
Change component parameters (AddParameter): Name = "Design Item ID"; Value = "FRC0805F3402TS"; VariantName = "[No Variations]"
Change component parameters (AddParameter): Name = "Device"; Value = "FRC0805F3402TS"; VariantName = "[No Variations]"
Change component parameters (AddParameter): Name = "FootprintName"; Value = "R0805"; VariantName = "[No Variations]"
Change component parameters (AddParameter): Name = "Group ID"; Value = ""; VariantName = "[No Variations]"
Change component parameters (AddParameter): Name = "JLCPCB Part Class"; Value = "Extended Part"; VariantName = "[No Variations]"
Change component parameters (AddParameter): Name = "LCSC Part Name"; Value = "34kO ±1% 125mW ????"; VariantName = "[No Variations]"
Change component parameters (AddParameter): Name = "Manufacturer"; Value = "FOJAN(??)"; VariantName = "[No Variations]"
Change component parameters (AddParameter): Name = "Manufacturer Part Number"; Value = "FRC0805F3402TS"; VariantName = "[No Variations]"
Change component parameters (AddParameter): Name = "ModelId"; Value = "b83c7c5430874b8eb2319a65d9433429?0819f05c4eef4c71ace90d822a990e87"; VariantName = "[No Variations]"
Change component parameters (AddParameter): Name = "ModelName"; Value = "R0805_L2.0-W1.3-H0.6"; VariantName = "[No Variations]"
Change component parameters (AddParameter): Name = "ModelTransform"; Value = "78.74,51.181,0,0,0,0,0,-0.0005,0"; VariantName = "[No Variations]"
Change component parameters (AddParameter): Name = "Operating Temperature"; Value = "-55?~+155?"; VariantName = "[No Variations]"
Change component parameters (AddParameter): Name = "Operating Temperature Range"; Value = ""; VariantName = "[No Variations]"
Change component parameters (AddParameter): Name = "Overload Voltage (Max)"; Value = ""; VariantName = "[No Variations]"
Change component parameters (AddParameter): Name = "Power(Watts)"; Value = "125mW"; VariantName = "[No Variations]"
Change component parameters (AddParameter): Name = "Reuse Block"; Value = ""; VariantName = "[No Variations]"
Change component parameters (AddParameter): Name = "Source"; Value = "P1.SCHLIB"; VariantName = "[No Variations]"
Change component parameters (AddParameter): Name = "Supplier Footprint"; Value = "0805"; VariantName = "[No Variations]"
Change component parameters (AddParameter): Name = "Supplier Part Number"; Value = "C2933420"; VariantName = "[No Variations]"
Change component parameters (AddParameter): Name = "Symbol"; Value = "FRC0805F3402TS"; VariantName = "[No Variations]"
Change component parameters (AddParameter): Name = "Temperature Coefficient"; Value = "±100ppm/?"; VariantName = "[No Variations]"
Change component parameters (AddParameter): Name = "Tolerance"; Value = "1%"; VariantName = "[No Variations]"
Change component parameters (AddParameter): Name = "Type"; Value = "Thick Film Resistor"; VariantName = "[No Variations]"
Change component parameters (AddParameter): Name = "Value"; Value = "34k"; VariantName = "[No Variations]"
Change component parameters (AddParameter): Name = "Voltage-Supply(Max)"; Value = "150V"; VariantName = "[No Variations]"
Change component parameters: Designator = "R18" ("R18"); Footprint = "R0805"; UniqueID = "\BXZILPXV" ("\BXZILPXV")
Change component parameters (AddParameter): Name = "AddInBom"; Value = "yes"; VariantName = "[No Variations]"
Change component parameters (AddParameter): Name = "Channel ID"; Value = ""; VariantName = "[No Variations]"
Change component parameters (AddParameter): Name = "ConvertToPcb"; Value = "yes"; VariantName = "[No Variations]"
Change component parameters (AddParameter): Name = "Datasheet"; Value = "https://item.szlcsc.com/datasheet/FRC0805F3402TS/3279522.html"; VariantName = "[No Variations]"
Change component parameters (AddParameter): Name = "Design Item ID"; Value = "FRC0805F3402TS"; VariantName = "[No Variations]"
Change component parameters (AddParameter): Name = "Device"; Value = "FRC0805F3402TS"; VariantName = "[No Variations]"
Change component parameters (AddParameter): Name = "FootprintName"; Value = "R0805"; VariantName = "[No Variations]"
Change component parameters (AddParameter): Name = "Group ID"; Value = ""; VariantName = "[No Variations]"
Change component parameters (AddParameter): Name = "JLCPCB Part Class"; Value = "Extended Part"; VariantName = "[No Variations]"
Change component parameters (AddParameter): Name = "LCSC Part Name"; Value = "34kO ±1% 125mW ????"; VariantName = "[No Variations]"
Change component parameters (AddParameter): Name = "Manufacturer"; Value = "FOJAN(??)"; VariantName = "[No Variations]"
Change component parameters (AddParameter): Name = "Manufacturer Part Number"; Value = "FRC0805F3402TS"; VariantName = "[No Variations]"
Change component parameters (AddParameter): Name = "ModelId"; Value = "b83c7c5430874b8eb2319a65d9433429?0819f05c4eef4c71ace90d822a990e87"; VariantName = "[No Variations]"
Change component parameters (AddParameter): Name = "ModelName"; Value = "R0805_L2.0-W1.3-H0.6"; VariantName = "[No Variations]"
Change component parameters (AddParameter): Name = "ModelTransform"; Value = "78.74,51.181,0,0,0,0,0,-0.0005,0"; VariantName = "[No Variations]"
Change component parameters (AddParameter): Name = "Operating Temperature"; Value = "-55?~+155?"; VariantName = "[No Variations]"
Change component parameters (AddParameter): Name = "Operating Temperature Range"; Value = ""; VariantName = "[No Variations]"
Change component parameters (AddParameter): Name = "Overload Voltage (Max)"; Value = ""; VariantName = "[No Variations]"
Change component parameters (AddParameter): Name = "Power(Watts)"; Value = "125mW"; VariantName = "[No Variations]"
Change component parameters (AddParameter): Name = "Reuse Block"; Value = ""; VariantName = "[No Variations]"
Change component parameters (AddParameter): Name = "Source"; Value = "P1.SCHLIB"; VariantName = "[No Variations]"
Change component parameters (AddParameter): Name = "Supplier Footprint"; Value = "0805"; VariantName = "[No Variations]"
Change component parameters (AddParameter): Name = "Supplier Part Number"; Value = "C2933420"; VariantName = "[No Variations]"
Change component parameters (AddParameter): Name = "Symbol"; Value = "FRC0805F3402TS"; VariantName = "[No Variations]"
Change component parameters (AddParameter): Name = "Temperature Coefficient"; Value = "±100ppm/?"; VariantName = "[No Variations]"
Change component parameters (AddParameter): Name = "Tolerance"; Value = "1%"; VariantName = "[No Variations]"
Change component parameters (AddParameter): Name = "Type"; Value = "Thick Film Resistor"; VariantName = "[No Variations]"
Change component parameters (AddParameter): Name = "Value"; Value = "34k"; VariantName = "[No Variations]"
Change component parameters (AddParameter): Name = "Voltage-Supply(Max)"; Value = "150V"; VariantName = "[No Variations]"
Change component parameters: Designator = "R19" ("R19"); Footprint = "R0805"; UniqueID = "\ZZFTEJSW" ("\ZZFTEJSW")
Change component parameters (AddParameter): Name = "AddInBom"; Value = "yes"; VariantName = "[No Variations]"
Change component parameters (AddParameter): Name = "Channel ID"; Value = ""; VariantName = "[No Variations]"
Change component parameters (AddParameter): Name = "ConvertToPcb"; Value = "yes"; VariantName = "[No Variations]"
Change component parameters (AddParameter): Name = "Datasheet"; Value = "https://item.szlcsc.com/datasheet/0805W8F1002T5E/18102.html"; VariantName = "[No Variations]"
Change component parameters (AddParameter): Name = "Design Item ID"; Value = "0805W8F1002T5E"; VariantName = "[No Variations]"
Change component parameters (AddParameter): Name = "Device"; Value = "0805W8F1002T5E"; VariantName = "[No Variations]"
Change component parameters (AddParameter): Name = "FootprintName"; Value = "R0805"; VariantName = "[No Variations]"
Change component parameters (AddParameter): Name = "Group ID"; Value = ""; VariantName = "[No Variations]"
Change component parameters (AddParameter): Name = "JLCPCB Part Class"; Value = "Basic Part"; VariantName = "[No Variations]"
Change component parameters (AddParameter): Name = "LCSC Part Name"; Value = "10kO ±1% 125mW ????"; VariantName = "[No Variations]"
Change component parameters (AddParameter): Name = "Manufacturer"; Value = "UNI-ROYAL(??)"; VariantName = "[No Variations]"
Change component parameters (AddParameter): Name = "Manufacturer Part Number"; Value = "0805W8F1002T5E"; VariantName = "[No Variations]"
Change component parameters (AddParameter): Name = "ModelId"; Value = "b83c7c5430874b8eb2319a65d9433429?0819f05c4eef4c71ace90d822a990e87"; VariantName = "[No Variations]"
Change component parameters (AddParameter): Name = "ModelName"; Value = "R0805_L2.0-W1.3-H0.6"; VariantName = "[No Variations]"
Change component parameters (AddParameter): Name = "ModelTransform"; Value = "78.74,51.181,0,0,0,0,0,-0.0005,0"; VariantName = "[No Variations]"
Change component parameters (AddParameter): Name = "Operating Temperature"; Value = "-55?~+155?"; VariantName = "[No Variations]"
Change component parameters (AddParameter): Name = "Operating Temperature Range"; Value = ""; VariantName = "[No Variations]"
Change component parameters (AddParameter): Name = "Overload Voltage (Max)"; Value = ""; VariantName = "[No Variations]"
Change component parameters (AddParameter): Name = "Power(Watts)"; Value = "125mW"; VariantName = "[No Variations]"
Change component parameters (AddParameter): Name = "Reuse Block"; Value = ""; VariantName = "[No Variations]"
Change component parameters (AddParameter): Name = "Source"; Value = "P1.SCHLIB"; VariantName = "[No Variations]"
Change component parameters (AddParameter): Name = "Supplier Footprint"; Value = "0805"; VariantName = "[No Variations]"
Change component parameters (AddParameter): Name = "Supplier Part Number"; Value = "C17414"; VariantName = "[No Variations]"
Change component parameters (AddParameter): Name = "Symbol"; Value = "0805W8F1002T5E"; VariantName = "[No Variations]"
Change component parameters (AddParameter): Name = "Temperature Coefficient"; Value = "±100ppm/?"; VariantName = "[No Variations]"
Change component parameters (AddParameter): Name = "Tolerance"; Value = "1%"; VariantName = "[No Variations]"
Change component parameters (AddParameter): Name = "Type"; Value = "Thick Film Resistor"; VariantName = "[No Variations]"
Change component parameters (AddParameter): Name = "Value"; Value = "10k"; VariantName = "[No Variations]"
Change component parameters (AddParameter): Name = "Voltage-Supply(Max)"; Value = "150V"; VariantName = "[No Variations]"
Change component parameters: Designator = "R20" ("R20"); Footprint = "R0805"; UniqueID = "\FDMWMYVF" ("\FDMWMYVF")
Change component parameters (AddParameter): Name = "AddInBom"; Value = "yes"; VariantName = "[No Variations]"
Change component parameters (AddParameter): Name = "Channel ID"; Value = ""; VariantName = "[No Variations]"
Change component parameters (AddParameter): Name = "ConvertToPcb"; Value = "yes"; VariantName = "[No Variations]"
Change component parameters (AddParameter): Name = "Datasheet"; Value = ""; VariantName = "[No Variations]"
Change component parameters (AddParameter): Name = "Design Item ID"; Value = "FRC0805F1501TS"; VariantName = "[No Variations]"
Change component parameters (AddParameter): Name = "Device"; Value = "FRC0805F1501TS"; VariantName = "[No Variations]"
Change component parameters (AddParameter): Name = "FootprintName"; Value = "R0805"; VariantName = "[No Variations]"
Change component parameters (AddParameter): Name = "Group ID"; Value = ""; VariantName = "[No Variations]"
Change component parameters (AddParameter): Name = "JLCPCB Part Class"; Value = "Extended Part"; VariantName = "[No Variations]"
Change component parameters (AddParameter): Name = "LCSC Part Name"; Value = "1.5kO ±1% 125mW ????"; VariantName = "[No Variations]"
Change component parameters (AddParameter): Name = "Manufacturer"; Value = "FOJAN(??)"; VariantName = "[No Variations]"
Change component parameters (AddParameter): Name = "Manufacturer Part Number"; Value = "FRC0805F1501TS"; VariantName = "[No Variations]"
Change component parameters (AddParameter): Name = "ModelId"; Value = "b83c7c5430874b8eb2319a65d9433429?0819f05c4eef4c71ace90d822a990e87"; VariantName = "[No Variations]"
Change component parameters (AddParameter): Name = "ModelName"; Value = "R0805_L2.0-W1.3-H0.6"; VariantName = "[No Variations]"
Change component parameters (AddParameter): Name = "ModelTransform"; Value = "78.74,51.181,0,0,0,0,0,-0.0005,0"; VariantName = "[No Variations]"
Change component parameters (AddParameter): Name = "Operating Temperature"; Value = "-55?~+155?"; VariantName = "[No Variations]"
Change component parameters (AddParameter): Name = "Operating Temperature Range"; Value = ""; VariantName = "[No Variations]"
Change component parameters (AddParameter): Name = "Overload Voltage (Max)"; Value = ""; VariantName = "[No Variations]"
Change component parameters (AddParameter): Name = "Power(Watts)"; Value = "125mW"; VariantName = "[No Variations]"
Change component parameters (AddParameter): Name = "Reuse Block"; Value = ""; VariantName = "[No Variations]"
Change component parameters (AddParameter): Name = "Source"; Value = "P1.SCHLIB"; VariantName = "[No Variations]"
Change component parameters (AddParameter): Name = "Supplier Footprint"; Value = "0805"; VariantName = "[No Variations]"
Change component parameters (AddParameter): Name = "Supplier Part Number"; Value = "C2907216"; VariantName = "[No Variations]"
Change component parameters (AddParameter): Name = "Symbol"; Value = "FRC0805F1501TS"; VariantName = "[No Variations]"
Change component parameters (AddParameter): Name = "Temperature Coefficient"; Value = "±100ppm/?"; VariantName = "[No Variations]"
Change component parameters (AddParameter): Name = "Tolerance"; Value = "1%"; VariantName = "[No Variations]"
Change component parameters (AddParameter): Name = "Type"; Value = "Thick Film Resistor"; VariantName = "[No Variations]"
Change component parameters (AddParameter): Name = "Value"; Value = "1.5k"; VariantName = "[No Variations]"
Change component parameters (AddParameter): Name = "Voltage-Supply(Max)"; Value = "150V"; VariantName = "[No Variations]"
Change component parameters: Designator = "R21" ("R21"); Footprint = "R0805"; UniqueID = "\ZFLOHHJU" ("\ZFLOHHJU")
Change component parameters (AddParameter): Name = "AddInBom"; Value = "yes"; VariantName = "[No Variations]"
Change component parameters (AddParameter): Name = "Channel ID"; Value = ""; VariantName = "[No Variations]"
Change component parameters (AddParameter): Name = "ConvertToPcb"; Value = "yes"; VariantName = "[No Variations]"
Change component parameters (AddParameter): Name = "Datasheet"; Value = "https://item.szlcsc.com/datasheet/FRC0805F3571TS/3279527.html"; VariantName = "[No Variations]"
Change component parameters (AddParameter): Name = "Design Item ID"; Value = "FRC0805F3571TS"; VariantName = "[No Variations]"
Change component parameters (AddParameter): Name = "Device"; Value = "FRC0805F3571TS"; VariantName = "[No Variations]"
Change component parameters (AddParameter): Name = "FootprintName"; Value = "R0805"; VariantName = "[No Variations]"
Change component parameters (AddParameter): Name = "Group ID"; Value = ""; VariantName = "[No Variations]"
Change component parameters (AddParameter): Name = "JLCPCB Part Class"; Value = "Extended Part"; VariantName = "[No Variations]"
Change component parameters (AddParameter): Name = "LCSC Part Name"; Value = "3.57kO ±1% 125mW ????"; VariantName = "[No Variations]"
Change component parameters (AddParameter): Name = "Manufacturer"; Value = "FOJAN(??)"; VariantName = "[No Variations]"
Change component parameters (AddParameter): Name = "Manufacturer Part Number"; Value = "FRC0805F3571TS"; VariantName = "[No Variations]"
Change component parameters (AddParameter): Name = "ModelId"; Value = "b83c7c5430874b8eb2319a65d9433429?0819f05c4eef4c71ace90d822a990e87"; VariantName = "[No Variations]"
Change component parameters (AddParameter): Name = "ModelName"; Value = "R0805_L2.0-W1.3-H0.6"; VariantName = "[No Variations]"
Change component parameters (AddParameter): Name = "ModelTransform"; Value = "78.74,51.181,0,0,0,0,0,-0.0005,0"; VariantName = "[No Variations]"
Change component parameters (AddParameter): Name = "Operating Temperature"; Value = "-55?~+155?"; VariantName = "[No Variations]"
Change component parameters (AddParameter): Name = "Operating Temperature Range"; Value = ""; VariantName = "[No Variations]"
Change component parameters (AddParameter): Name = "Overload Voltage (Max)"; Value = ""; VariantName = "[No Variations]"
Change component parameters (AddParameter): Name = "Power(Watts)"; Value = "125mW"; VariantName = "[No Variations]"
Change component parameters (AddParameter): Name = "Reuse Block"; Value = ""; VariantName = "[No Variations]"
Change component parameters (AddParameter): Name = "Source"; Value = "P1.SCHLIB"; VariantName = "[No Variations]"
Change component parameters (AddParameter): Name = "Supplier Footprint"; Value = "0805"; VariantName = "[No Variations]"
Change component parameters (AddParameter): Name = "Supplier Part Number"; Value = "C2933425"; VariantName = "[No Variations]"
Change component parameters (AddParameter): Name = "Symbol"; Value = "FRC0805F3571TS"; VariantName = "[No Variations]"
Change component parameters (AddParameter): Name = "Temperature Coefficient"; Value = "±100ppm/?"; VariantName = "[No Variations]"
Change component parameters (AddParameter): Name = "Tolerance"; Value = "1%"; VariantName = "[No Variations]"
Change component parameters (AddParameter): Name = "Type"; Value = "Thick Film Resistor"; VariantName = "[No Variations]"
Change component parameters (AddParameter): Name = "Value"; Value = "3.57k"; VariantName = "[No Variations]"
Change component parameters (AddParameter): Name = "Voltage-Supply(Max)"; Value = "150V"; VariantName = "[No Variations]"
Change component parameters: Designator = "R22" ("R22"); Footprint = "R0805"; UniqueID = "\RYFJBIKZ" ("\RYFJBIKZ")
Change component parameters (AddParameter): Name = "AddInBom"; Value = "yes"; VariantName = "[No Variations]"
Change component parameters (AddParameter): Name = "Channel ID"; Value = ""; VariantName = "[No Variations]"
Change component parameters (AddParameter): Name = "ConvertToPcb"; Value = "yes"; VariantName = "[No Variations]"
Change component parameters (AddParameter): Name = "Datasheet"; Value = "https://item.szlcsc.com/datasheet/FRC0805F6981TS/3279591.html"; VariantName = "[No Variations]"
Change component parameters (AddParameter): Name = "Design Item ID"; Value = "FRC0805F6981TS"; VariantName = "[No Variations]"
Change component parameters (AddParameter): Name = "Device"; Value = "FRC0805F6981TS"; VariantName = "[No Variations]"
Change component parameters (AddParameter): Name = "FootprintName"; Value = "R0805"; VariantName = "[No Variations]"
Change component parameters (AddParameter): Name = "Group ID"; Value = ""; VariantName = "[No Variations]"
Change component parameters (AddParameter): Name = "JLCPCB Part Class"; Value = "Extended Part"; VariantName = "[No Variations]"
Change component parameters (AddParameter): Name = "LCSC Part Name"; Value = "6.98kO ±1% 125mW ????"; VariantName = "[No Variations]"
Change component parameters (AddParameter): Name = "Manufacturer"; Value = "FOJAN(??)"; VariantName = "[No Variations]"
Change component parameters (AddParameter): Name = "Manufacturer Part Number"; Value = "FRC0805F6981TS"; VariantName = "[No Variations]"
Change component parameters (AddParameter): Name = "ModelId"; Value = "b83c7c5430874b8eb2319a65d9433429?0819f05c4eef4c71ace90d822a990e87"; VariantName = "[No Variations]"
Change component parameters (AddParameter): Name = "ModelName"; Value = "R0805_L2.0-W1.3-H0.6"; VariantName = "[No Variations]"
Change component parameters (AddParameter): Name = "ModelTransform"; Value = "78.74,51.181,0,0,0,0,0,-0.0005,0"; VariantName = "[No Variations]"
Change component parameters (AddParameter): Name = "Operating Temperature"; Value = "-55?~+155?"; VariantName = "[No Variations]"
Change component parameters (AddParameter): Name = "Operating Temperature Range"; Value = ""; VariantName = "[No Variations]"
Change component parameters (AddParameter): Name = "Overload Voltage (Max)"; Value = ""; VariantName = "[No Variations]"
Change component parameters (AddParameter): Name = "Power(Watts)"; Value = "125mW"; VariantName = "[No Variations]"
Change component parameters (AddParameter): Name = "Reuse Block"; Value = ""; VariantName = "[No Variations]"
Change component parameters (AddParameter): Name = "Source"; Value = "P1.SCHLIB"; VariantName = "[No Variations]"
Change component parameters (AddParameter): Name = "Supplier Footprint"; Value = "0805"; VariantName = "[No Variations]"
Change component parameters (AddParameter): Name = "Supplier Part Number"; Value = "C2933489"; VariantName = "[No Variations]"
Change component parameters (AddParameter): Name = "Symbol"; Value = "FRC0805F6981TS"; VariantName = "[No Variations]"
Change component parameters (AddParameter): Name = "Temperature Coefficient"; Value = "±100ppm/?"; VariantName = "[No Variations]"
Change component parameters (AddParameter): Name = "Tolerance"; Value = "1%"; VariantName = "[No Variations]"
Change component parameters (AddParameter): Name = "Type"; Value = "Thick Film Resistor"; VariantName = "[No Variations]"
Change component parameters (AddParameter): Name = "Value"; Value = "6.98k"; VariantName = "[No Variations]"
Change component parameters (AddParameter): Name = "Voltage-Supply(Max)"; Value = "150V"; VariantName = "[No Variations]"
Change component parameters: Designator = "R23" ("R23"); Footprint = "R0805"; UniqueID = "\WSUGLFPN" ("\WSUGLFPN")
Change component parameters (AddParameter): Name = "AddInBom"; Value = "yes"; VariantName = "[No Variations]"
Change component parameters (AddParameter): Name = "Channel ID"; Value = ""; VariantName = "[No Variations]"
Change component parameters (AddParameter): Name = "ConvertToPcb"; Value = "yes"; VariantName = "[No Variations]"
Change component parameters (AddParameter): Name = "Datasheet"; Value = "https://item.szlcsc.com/datasheet/RT0805BRD0710K1L/925214.html"; VariantName = "[No Variations]"
Change component parameters (AddParameter): Name = "Design Item ID"; Value = "RT0805BRD0710K1L"; VariantName = "[No Variations]"
Change component parameters (AddParameter): Name = "Device"; Value = "RT0805BRD0710K1L"; VariantName = "[No Variations]"
Change component parameters (AddParameter): Name = "FootprintName"; Value = "R0805"; VariantName = "[No Variations]"
Change component parameters (AddParameter): Name = "Group ID"; Value = ""; VariantName = "[No Variations]"
Change component parameters (AddParameter): Name = "JLCPCB Part Class"; Value = "Extended Part"; VariantName = "[No Variations]"
Change component parameters (AddParameter): Name = "LCSC Part Name"; Value = "???? 10.1kO ±0.1% 125mW"; VariantName = "[No Variations]"
Change component parameters (AddParameter): Name = "Manufacturer"; Value = "YAGEO(??)"; VariantName = "[No Variations]"
Change component parameters (AddParameter): Name = "Manufacturer Part Number"; Value = "RT0805BRD0710K1L"; VariantName = "[No Variations]"
Change component parameters (AddParameter): Name = "ModelId"; Value = "b83c7c5430874b8eb2319a65d9433429?0819f05c4eef4c71ace90d822a990e87"; VariantName = "[No Variations]"
Change component parameters (AddParameter): Name = "ModelName"; Value = "R0805_L2.0-W1.3-H0.6"; VariantName = "[No Variations]"
Change component parameters (AddParameter): Name = "ModelTransform"; Value = "78.74,51.181,0,0,0,0,0,-0.0005,0"; VariantName = "[No Variations]"
Change component parameters (AddParameter): Name = "Operating Temperature"; Value = "-55?~+155?"; VariantName = "[No Variations]"
Change component parameters (AddParameter): Name = "Operating Temperature Range"; Value = ""; VariantName = "[No Variations]"
Change component parameters (AddParameter): Name = "Overload Voltage (Max)"; Value = ""; VariantName = "[No Variations]"
Change component parameters (AddParameter): Name = "Power(Watts)"; Value = "125mW"; VariantName = "[No Variations]"
Change component parameters (AddParameter): Name = "Reuse Block"; Value = ""; VariantName = "[No Variations]"
Change component parameters (AddParameter): Name = "Source"; Value = "P1.SCHLIB"; VariantName = "[No Variations]"
Change component parameters (AddParameter): Name = "Supplier Footprint"; Value = "0805"; VariantName = "[No Variations]"
Change component parameters (AddParameter): Name = "Supplier Part Number"; Value = "C865133"; VariantName = "[No Variations]"
Change component parameters (AddParameter): Name = "Symbol"; Value = "RT0805BRD0710K1L"; VariantName = "[No Variations]"
Change component parameters (AddParameter): Name = "Temperature Coefficient"; Value = "±25ppm/?"; VariantName = "[No Variations]"
Change component parameters (AddParameter): Name = "Tolerance"; Value = "0.1%"; VariantName = "[No Variations]"
Change component parameters (AddParameter): Name = "Type"; Value = "Thin Film Resistor"; VariantName = "[No Variations]"
Change component parameters (AddParameter): Name = "Value"; Value = "10.1k"; VariantName = "[No Variations]"
Change component parameters (AddParameter): Name = "Voltage-Supply(Max)"; Value = ""; VariantName = "[No Variations]"
Change component parameters: Designator = "R24" ("R24"); Footprint = "R0805"; UniqueID = "\VJFTEITS" ("\VJFTEITS")
Change component parameters (AddParameter): Name = "AddInBom"; Value = "yes"; VariantName = "[No Variations]"
Change component parameters (AddParameter): Name = "Channel ID"; Value = ""; VariantName = "[No Variations]"
Change component parameters (AddParameter): Name = "ConvertToPcb"; Value = "yes"; VariantName = "[No Variations]"
Change component parameters (AddParameter): Name = "Datasheet"; Value = "https://item.szlcsc.com/datasheet/0805W8F1872T5E/18187.html"; VariantName = "[No Variations]"
Change component parameters (AddParameter): Name = "Design Item ID"; Value = "0805W8F1872T5E"; VariantName = "[No Variations]"
Change component parameters (AddParameter): Name = "Device"; Value = "0805W8F1872T5E"; VariantName = "[No Variations]"
Change component parameters (AddParameter): Name = "FootprintName"; Value = "R0805"; VariantName = "[No Variations]"
Change component parameters (AddParameter): Name = "Group ID"; Value = ""; VariantName = "[No Variations]"
Change component parameters (AddParameter): Name = "JLCPCB Part Class"; Value = "Extended Part"; VariantName = "[No Variations]"
Change component parameters (AddParameter): Name = "LCSC Part Name"; Value = "18.7kO ±1% 125mW ????"; VariantName = "[No Variations]"
Change component parameters (AddParameter): Name = "Manufacturer"; Value = "UNI-ROYAL(??)"; VariantName = "[No Variations]"
Change component parameters (AddParameter): Name = "Manufacturer Part Number"; Value = "0805W8F1872T5E"; VariantName = "[No Variations]"
Change component parameters (AddParameter): Name = "ModelId"; Value = "b83c7c5430874b8eb2319a65d9433429?0819f05c4eef4c71ace90d822a990e87"; VariantName = "[No Variations]"
Change component parameters (AddParameter): Name = "ModelName"; Value = "R0805_L2.0-W1.3-H0.6"; VariantName = "[No Variations]"
Change component parameters (AddParameter): Name = "ModelTransform"; Value = "78.74,51.181,0,0,0,0,0,-0.0005,0"; VariantName = "[No Variations]"
Change component parameters (AddParameter): Name = "Operating Temperature"; Value = "-55?~+155?"; VariantName = "[No Variations]"
Change component parameters (AddParameter): Name = "Operating Temperature Range"; Value = ""; VariantName = "[No Variations]"
Change component parameters (AddParameter): Name = "Overload Voltage (Max)"; Value = ""; VariantName = "[No Variations]"
Change component parameters (AddParameter): Name = "Power(Watts)"; Value = "125mW"; VariantName = "[No Variations]"
Change component parameters (AddParameter): Name = "Reuse Block"; Value = ""; VariantName = "[No Variations]"
Change component parameters (AddParameter): Name = "Source"; Value = "P1.SCHLIB"; VariantName = "[No Variations]"
Change component parameters (AddParameter): Name = "Supplier Footprint"; Value = "0805"; VariantName = "[No Variations]"
Change component parameters (AddParameter): Name = "Supplier Part Number"; Value = "C17499"; VariantName = "[No Variations]"
Change component parameters (AddParameter): Name = "Symbol"; Value = "0805W8F1872T5E"; VariantName = "[No Variations]"
Change component parameters (AddParameter): Name = "Temperature Coefficient"; Value = "±100ppm/?"; VariantName = "[No Variations]"
Change component parameters (AddParameter): Name = "Tolerance"; Value = "1%"; VariantName = "[No Variations]"
Change component parameters (AddParameter): Name = "Type"; Value = "Thick Film Resistor"; VariantName = "[No Variations]"
Change component parameters (AddParameter): Name = "Value"; Value = "18.7k"; VariantName = "[No Variations]"
Change component parameters (AddParameter): Name = "Voltage-Supply(Max)"; Value = "150V"; VariantName = "[No Variations]"
Change component parameters: Designator = "R25" ("R25"); Footprint = "R0805"; UniqueID = "\LZTGIJOD" ("\LZTGIJOD")
Change component parameters (AddParameter): Name = "AddInBom"; Value = "yes"; VariantName = "[No Variations]"
Change component parameters (AddParameter): Name = "Channel ID"; Value = ""; VariantName = "[No Variations]"
Change component parameters (AddParameter): Name = "ConvertToPcb"; Value = "yes"; VariantName = "[No Variations]"
Change component parameters (AddParameter): Name = "Datasheet"; Value = "https://item.szlcsc.com/datasheet/RC0805FR-077K68L/262366.html"; VariantName = "[No Variations]"
Change component parameters (AddParameter): Name = "Design Item ID"; Value = "RC0805FR-077K68L"; VariantName = "[No Variations]"
Change component parameters (AddParameter): Name = "Device"; Value = "RC0805FR-077K68L"; VariantName = "[No Variations]"
Change component parameters (AddParameter): Name = "FootprintName"; Value = "R0805"; VariantName = "[No Variations]"
Change component parameters (AddParameter): Name = "Group ID"; Value = ""; VariantName = "[No Variations]"
Change component parameters (AddParameter): Name = "JLCPCB Part Class"; Value = "Extended Part"; VariantName = "[No Variations]"
Change component parameters (AddParameter): Name = "LCSC Part Name"; Value = "???? 7.68kO ±1% 125mW"; VariantName = "[No Variations]"
Change component parameters (AddParameter): Name = "Manufacturer"; Value = "YAGEO(??)"; VariantName = "[No Variations]"
Change component parameters (AddParameter): Name = "Manufacturer Part Number"; Value = "RC0805FR-077K68L"; VariantName = "[No Variations]"
Change component parameters (AddParameter): Name = "ModelId"; Value = "b83c7c5430874b8eb2319a65d9433429?0819f05c4eef4c71ace90d822a990e87"; VariantName = "[No Variations]"
Change component parameters (AddParameter): Name = "ModelName"; Value = "R0805_L2.0-W1.3-H0.6"; VariantName = "[No Variations]"
Change component parameters (AddParameter): Name = "ModelTransform"; Value = "78.74,51.181,0,0,0,0,0,-0.0005,0"; VariantName = "[No Variations]"
Change component parameters (AddParameter): Name = "Operating Temperature"; Value = "-55?~+155?"; VariantName = "[No Variations]"
Change component parameters (AddParameter): Name = "Operating Temperature Range"; Value = ""; VariantName = "[No Variations]"
Change component parameters (AddParameter): Name = "Overload Voltage (Max)"; Value = ""; VariantName = "[No Variations]"
Change component parameters (AddParameter): Name = "Power(Watts)"; Value = "125mW"; VariantName = "[No Variations]"
Change component parameters (AddParameter): Name = "Reuse Block"; Value = ""; VariantName = "[No Variations]"
Change component parameters (AddParameter): Name = "Source"; Value = "P1.SCHLIB"; VariantName = "[No Variations]"
Change component parameters (AddParameter): Name = "Supplier Footprint"; Value = "0805"; VariantName = "[No Variations]"
Change component parameters (AddParameter): Name = "Supplier Part Number"; Value = "C273951"; VariantName = "[No Variations]"
Change component parameters (AddParameter): Name = "Symbol"; Value = "RC0805FR-077K68L"; VariantName = "[No Variations]"
Change component parameters (AddParameter): Name = "Temperature Coefficient"; Value = "±100ppm/?"; VariantName = "[No Variations]"
Change component parameters (AddParameter): Name = "Tolerance"; Value = "1%"; VariantName = "[No Variations]"
Change component parameters (AddParameter): Name = "Type"; Value = "Thick Film Resistor"; VariantName = "[No Variations]"
Change component parameters (AddParameter): Name = "Value"; Value = "7.68k"; VariantName = "[No Variations]"
Change component parameters (AddParameter): Name = "Voltage-Supply(Max)"; Value = "150V"; VariantName = "[No Variations]"
Change component parameters: Designator = "R26" ("R26"); Footprint = "R0805"; UniqueID = "\HUOFPGKV" ("\HUOFPGKV")
Change component parameters (AddParameter): Name = "AddInBom"; Value = "yes"; VariantName = "[No Variations]"
Change component parameters (AddParameter): Name = "Channel ID"; Value = ""; VariantName = "[No Variations]"
Change component parameters (AddParameter): Name = "ConvertToPcb"; Value = "yes"; VariantName = "[No Variations]"
Change component parameters (AddParameter): Name = "Datasheet"; Value = "https://item.szlcsc.com/datasheet/FRC0805F3011TS/3476925.html"; VariantName = "[No Variations]"
Change component parameters (AddParameter): Name = "Design Item ID"; Value = "FRC0805F3011TS"; VariantName = "[No Variations]"
Change component parameters (AddParameter): Name = "Device"; Value = "FRC0805F3011TS"; VariantName = "[No Variations]"
Change component parameters (AddParameter): Name = "FootprintName"; Value = "R0805"; VariantName = "[No Variations]"
Change component parameters (AddParameter): Name = "Group ID"; Value = ""; VariantName = "[No Variations]"
Change component parameters (AddParameter): Name = "JLCPCB Part Class"; Value = "Extended Part"; VariantName = "[No Variations]"
Change component parameters (AddParameter): Name = "LCSC Part Name"; Value = "3.01kO ±1% 125mW ????"; VariantName = "[No Variations]"
Change component parameters (AddParameter): Name = "Manufacturer"; Value = "FOJAN(??)"; VariantName = "[No Variations]"
Change component parameters (AddParameter): Name = "Manufacturer Part Number"; Value = "FRC0805F3011TS"; VariantName = "[No Variations]"
Change component parameters (AddParameter): Name = "ModelId"; Value = "b83c7c5430874b8eb2319a65d9433429?0819f05c4eef4c71ace90d822a990e87"; VariantName = "[No Variations]"
Change component parameters (AddParameter): Name = "ModelName"; Value = "R0805_L2.0-W1.3-H0.6"; VariantName = "[No Variations]"
Change component parameters (AddParameter): Name = "ModelTransform"; Value = "78.74,51.181,0,0,0,0,0,-0.0005,0"; VariantName = "[No Variations]"
Change component parameters (AddParameter): Name = "Operating Temperature"; Value = "-55?~+155?"; VariantName = "[No Variations]"
Change component parameters (AddParameter): Name = "Operating Temperature Range"; Value = ""; VariantName = "[No Variations]"
Change component parameters (AddParameter): Name = "Overload Voltage (Max)"; Value = ""; VariantName = "[No Variations]"
Change component parameters (AddParameter): Name = "Power(Watts)"; Value = "125mW"; VariantName = "[No Variations]"
Change component parameters (AddParameter): Name = "Reuse Block"; Value = ""; VariantName = "[No Variations]"
Change component parameters (AddParameter): Name = "Source"; Value = "P1.SCHLIB"; VariantName = "[No Variations]"
Change component parameters (AddParameter): Name = "Supplier Footprint"; Value = "0805"; VariantName = "[No Variations]"
Change component parameters (AddParameter): Name = "Supplier Part Number"; Value = "C2999485"; VariantName = "[No Variations]"
Change component parameters (AddParameter): Name = "Symbol"; Value = "FRC0805F3011TS"; VariantName = "[No Variations]"
Change component parameters (AddParameter): Name = "Temperature Coefficient"; Value = "±100ppm/?"; VariantName = "[No Variations]"
Change component parameters (AddParameter): Name = "Tolerance"; Value = "1%"; VariantName = "[No Variations]"
Change component parameters (AddParameter): Name = "Type"; Value = "Thick Film Resistor"; VariantName = "[No Variations]"
Change component parameters (AddParameter): Name = "Value"; Value = "3.01k"; VariantName = "[No Variations]"
Change component parameters (AddParameter): Name = "Voltage-Supply(Max)"; Value = "150V"; VariantName = "[No Variations]"
Change component parameters: Designator = "R27" ("R27"); Footprint = "R0805"; UniqueID = "\VMZIDNDR" ("\VMZIDNDR")
Change component parameters (AddParameter): Name = "AddInBom"; Value = "yes"; VariantName = "[No Variations]"
Change component parameters (AddParameter): Name = "Channel ID"; Value = ""; VariantName = "[No Variations]"
Change component parameters (AddParameter): Name = "ConvertToPcb"; Value = "yes"; VariantName = "[No Variations]"
Change component parameters (AddParameter): Name = "Datasheet"; Value = "https://item.szlcsc.com/datasheet/FRC0805F3011TS/3476925.html"; VariantName = "[No Variations]"
Change component parameters (AddParameter): Name = "Design Item ID"; Value = "FRC0805F3011TS"; VariantName = "[No Variations]"
Change component parameters (AddParameter): Name = "Device"; Value = "FRC0805F3011TS"; VariantName = "[No Variations]"
Change component parameters (AddParameter): Name = "FootprintName"; Value = "R0805"; VariantName = "[No Variations]"
Change component parameters (AddParameter): Name = "Group ID"; Value = ""; VariantName = "[No Variations]"
Change component parameters (AddParameter): Name = "JLCPCB Part Class"; Value = "Extended Part"; VariantName = "[No Variations]"
Change component parameters (AddParameter): Name = "LCSC Part Name"; Value = "3.01kO ±1% 125mW ????"; VariantName = "[No Variations]"
Change component parameters (AddParameter): Name = "Manufacturer"; Value = "FOJAN(??)"; VariantName = "[No Variations]"
Change component parameters (AddParameter): Name = "Manufacturer Part Number"; Value = "FRC0805F3011TS"; VariantName = "[No Variations]"
Change component parameters (AddParameter): Name = "ModelId"; Value = "b83c7c5430874b8eb2319a65d9433429?0819f05c4eef4c71ace90d822a990e87"; VariantName = "[No Variations]"
Change component parameters (AddParameter): Name = "ModelName"; Value = "R0805_L2.0-W1.3-H0.6"; VariantName = "[No Variations]"
Change component parameters (AddParameter): Name = "ModelTransform"; Value = "78.74,51.181,0,0,0,0,0,-0.0005,0"; VariantName = "[No Variations]"
Change component parameters (AddParameter): Name = "Operating Temperature"; Value = "-55?~+155?"; VariantName = "[No Variations]"
Change component parameters (AddParameter): Name = "Operating Temperature Range"; Value = ""; VariantName = "[No Variations]"
Change component parameters (AddParameter): Name = "Overload Voltage (Max)"; Value = ""; VariantName = "[No Variations]"
Change component parameters (AddParameter): Name = "Power(Watts)"; Value = "125mW"; VariantName = "[No Variations]"
Change component parameters (AddParameter): Name = "Reuse Block"; Value = ""; VariantName = "[No Variations]"
Change component parameters (AddParameter): Name = "Source"; Value = "P1.SCHLIB"; VariantName = "[No Variations]"
Change component parameters (AddParameter): Name = "Supplier Footprint"; Value = "0805"; VariantName = "[No Variations]"
Change component parameters (AddParameter): Name = "Supplier Part Number"; Value = "C2999485"; VariantName = "[No Variations]"
Change component parameters (AddParameter): Name = "Symbol"; Value = "FRC0805F3011TS"; VariantName = "[No Variations]"
Change component parameters (AddParameter): Name = "Temperature Coefficient"; Value = "±100ppm/?"; VariantName = "[No Variations]"
Change component parameters (AddParameter): Name = "Tolerance"; Value = "1%"; VariantName = "[No Variations]"
Change component parameters (AddParameter): Name = "Type"; Value = "Thick Film Resistor"; VariantName = "[No Variations]"
Change component parameters (AddParameter): Name = "Value"; Value = "3.01k"; VariantName = "[No Variations]"
Change component parameters (AddParameter): Name = "Voltage-Supply(Max)"; Value = "150V"; VariantName = "[No Variations]"
Change component parameters: Designator = "R28" ("R28"); Footprint = "R0805"; UniqueID = "\KAQUULKM" ("\KAQUULKM")
Change component parameters (AddParameter): Name = "AddInBom"; Value = "yes"; VariantName = "[No Variations]"
Change component parameters (AddParameter): Name = "Channel ID"; Value = ""; VariantName = "[No Variations]"
Change component parameters (AddParameter): Name = "ConvertToPcb"; Value = "yes"; VariantName = "[No Variations]"
Change component parameters (AddParameter): Name = "Datasheet"; Value = "https://item.szlcsc.com/datasheet/0805W8F1002T5E/18102.html"; VariantName = "[No Variations]"
Change component parameters (AddParameter): Name = "Design Item ID"; Value = "0805W8F1002T5E"; VariantName = "[No Variations]"
Change component parameters (AddParameter): Name = "Device"; Value = "0805W8F1002T5E"; VariantName = "[No Variations]"
Change component parameters (AddParameter): Name = "FootprintName"; Value = "R0805"; VariantName = "[No Variations]"
Change component parameters (AddParameter): Name = "Group ID"; Value = ""; VariantName = "[No Variations]"
Change component parameters (AddParameter): Name = "JLCPCB Part Class"; Value = "Basic Part"; VariantName = "[No Variations]"
Change component parameters (AddParameter): Name = "LCSC Part Name"; Value = "10kO ±1% 125mW ????"; VariantName = "[No Variations]"
Change component parameters (AddParameter): Name = "Manufacturer"; Value = "UNI-ROYAL(??)"; VariantName = "[No Variations]"
Change component parameters (AddParameter): Name = "Manufacturer Part Number"; Value = "0805W8F1002T5E"; VariantName = "[No Variations]"
Change component parameters (AddParameter): Name = "ModelId"; Value = "b83c7c5430874b8eb2319a65d9433429?0819f05c4eef4c71ace90d822a990e87"; VariantName = "[No Variations]"
Change component parameters (AddParameter): Name = "ModelName"; Value = "R0805_L2.0-W1.3-H0.6"; VariantName = "[No Variations]"
Change component parameters (AddParameter): Name = "ModelTransform"; Value = "78.74,51.181,0,0,0,0,0,-0.0005,0"; VariantName = "[No Variations]"
Change component parameters (AddParameter): Name = "Operating Temperature"; Value = "-55?~+155?"; VariantName = "[No Variations]"
Change component parameters (AddParameter): Name = "Operating Temperature Range"; Value = ""; VariantName = "[No Variations]"
Change component parameters (AddParameter): Name = "Overload Voltage (Max)"; Value = ""; VariantName = "[No Variations]"
Change component parameters (AddParameter): Name = "Power(Watts)"; Value = "125mW"; VariantName = "[No Variations]"
Change component parameters (AddParameter): Name = "Reuse Block"; Value = ""; VariantName = "[No Variations]"
Change component parameters (AddParameter): Name = "Source"; Value = "P1.SCHLIB"; VariantName = "[No Variations]"
Change component parameters (AddParameter): Name = "Supplier Footprint"; Value = "0805"; VariantName = "[No Variations]"
Change component parameters (AddParameter): Name = "Supplier Part Number"; Value = "C17414"; VariantName = "[No Variations]"
Change component parameters (AddParameter): Name = "Symbol"; Value = "0805W8F1002T5E"; VariantName = "[No Variations]"
Change component parameters (AddParameter): Name = "Temperature Coefficient"; Value = "±100ppm/?"; VariantName = "[No Variations]"
Change component parameters (AddParameter): Name = "Tolerance"; Value = "1%"; VariantName = "[No Variations]"
Change component parameters (AddParameter): Name = "Type"; Value = "Thick Film Resistor"; VariantName = "[No Variations]"
Change component parameters (AddParameter): Name = "Value"; Value = "10k"; VariantName = "[No Variations]"
Change component parameters (AddParameter): Name = "Voltage-Supply(Max)"; Value = "150V"; VariantName = "[No Variations]"
Change component parameters: Designator = "R29" ("R29"); Footprint = "R0805"; UniqueID = "\TNASKUNS" ("\TNASKUNS")
Change component parameters (AddParameter): Name = "AddInBom"; Value = "yes"; VariantName = "[No Variations]"
Change component parameters (AddParameter): Name = "Channel ID"; Value = ""; VariantName = "[No Variations]"
Change component parameters (AddParameter): Name = "ConvertToPcb"; Value = "yes"; VariantName = "[No Variations]"
Change component parameters (AddParameter): Name = "Datasheet"; Value = ""; VariantName = "[No Variations]"
Change component parameters (AddParameter): Name = "Design Item ID"; Value = "FRC0805F5761TS"; VariantName = "[No Variations]"
Change component parameters (AddParameter): Name = "Device"; Value = "FRC0805F5761TS"; VariantName = "[No Variations]"
Change component parameters (AddParameter): Name = "FootprintName"; Value = "R0805"; VariantName = "[No Variations]"
Change component parameters (AddParameter): Name = "Group ID"; Value = ""; VariantName = "[No Variations]"
Change component parameters (AddParameter): Name = "JLCPCB Part Class"; Value = "Extended Part"; VariantName = "[No Variations]"
Change component parameters (AddParameter): Name = "LCSC Part Name"; Value = "5.76kO ±1% 125mW ????"; VariantName = "[No Variations]"
Change component parameters (AddParameter): Name = "Manufacturer"; Value = "FOJAN(??)"; VariantName = "[No Variations]"
Change component parameters (AddParameter): Name = "Manufacturer Part Number"; Value = "FRC0805F5761TS"; VariantName = "[No Variations]"
Change component parameters (AddParameter): Name = "ModelId"; Value = "b83c7c5430874b8eb2319a65d9433429?0819f05c4eef4c71ace90d822a990e87"; VariantName = "[No Variations]"
Change component parameters (AddParameter): Name = "ModelName"; Value = "R0805_L2.0-W1.3-H0.6"; VariantName = "[No Variations]"
Change component parameters (AddParameter): Name = "ModelTransform"; Value = "78.74,51.181,0,0,0,0,0,-0.0005,0"; VariantName = "[No Variations]"
Change component parameters (AddParameter): Name = "Operating Temperature"; Value = "-55?~+155?"; VariantName = "[No Variations]"
Change component parameters (AddParameter): Name = "Operating Temperature Range"; Value = ""; VariantName = "[No Variations]"
Change component parameters (AddParameter): Name = "Overload Voltage (Max)"; Value = ""; VariantName = "[No Variations]"
Change component parameters (AddParameter): Name = "Power(Watts)"; Value = "125mW"; VariantName = "[No Variations]"
Change component parameters (AddParameter): Name = "Reuse Block"; Value = ""; VariantName = "[No Variations]"
Change component parameters (AddParameter): Name = "Source"; Value = "P1.SCHLIB"; VariantName = "[No Variations]"
Change component parameters (AddParameter): Name = "Supplier Footprint"; Value = "0805"; VariantName = "[No Variations]"
Change component parameters (AddParameter): Name = "Supplier Part Number"; Value = "C3000533"; VariantName = "[No Variations]"
Change component parameters (AddParameter): Name = "Symbol"; Value = "FRC0805F5761TS"; VariantName = "[No Variations]"
Change component parameters (AddParameter): Name = "Temperature Coefficient"; Value = "±100ppm/?"; VariantName = "[No Variations]"
Change component parameters (AddParameter): Name = "Tolerance"; Value = "1%"; VariantName = "[No Variations]"
Change component parameters (AddParameter): Name = "Type"; Value = "Thick Film Resistor"; VariantName = "[No Variations]"
Change component parameters (AddParameter): Name = "Value"; Value = "5.76k"; VariantName = "[No Variations]"
Change component parameters (AddParameter): Name = "Voltage-Supply(Max)"; Value = "150V"; VariantName = "[No Variations]"
Change component parameters: Designator = "R30" ("R30"); Footprint = "R0805"; UniqueID = "\PGXDAREU" ("\PGXDAREU")
Change component parameters (AddParameter): Name = "AddInBom"; Value = "yes"; VariantName = "[No Variations]"
Change component parameters (AddParameter): Name = "Channel ID"; Value = ""; VariantName = "[No Variations]"
Change component parameters (AddParameter): Name = "ConvertToPcb"; Value = "yes"; VariantName = "[No Variations]"
Change component parameters (AddParameter): Name = "Datasheet"; Value = "https://item.szlcsc.com/datasheet/0805W8F1002T5E/18102.html"; VariantName = "[No Variations]"
Change component parameters (AddParameter): Name = "Design Item ID"; Value = "0805W8F1002T5E"; VariantName = "[No Variations]"
Change component parameters (AddParameter): Name = "Device"; Value = "0805W8F1002T5E"; VariantName = "[No Variations]"
Change component parameters (AddParameter): Name = "FootprintName"; Value = "R0805"; VariantName = "[No Variations]"
Change component parameters (AddParameter): Name = "Group ID"; Value = ""; VariantName = "[No Variations]"
Change component parameters (AddParameter): Name = "JLCPCB Part Class"; Value = "Basic Part"; VariantName = "[No Variations]"
Change component parameters (AddParameter): Name = "LCSC Part Name"; Value = "10kO ±1% 125mW ????"; VariantName = "[No Variations]"
Change component parameters (AddParameter): Name = "Manufacturer"; Value = "UNI-ROYAL(??)"; VariantName = "[No Variations]"
Change component parameters (AddParameter): Name = "Manufacturer Part Number"; Value = "0805W8F1002T5E"; VariantName = "[No Variations]"
Change component parameters (AddParameter): Name = "ModelId"; Value = "b83c7c5430874b8eb2319a65d9433429?0819f05c4eef4c71ace90d822a990e87"; VariantName = "[No Variations]"
Change component parameters (AddParameter): Name = "ModelName"; Value = "R0805_L2.0-W1.3-H0.6"; VariantName = "[No Variations]"
Change component parameters (AddParameter): Name = "ModelTransform"; Value = "78.74,51.181,0,0,0,0,0,-0.0005,0"; VariantName = "[No Variations]"
Change component parameters (AddParameter): Name = "Operating Temperature"; Value = "-55?~+155?"; VariantName = "[No Variations]"
Change component parameters (AddParameter): Name = "Operating Temperature Range"; Value = ""; VariantName = "[No Variations]"
Change component parameters (AddParameter): Name = "Overload Voltage (Max)"; Value = ""; VariantName = "[No Variations]"
Change component parameters (AddParameter): Name = "Power(Watts)"; Value = "125mW"; VariantName = "[No Variations]"
Change component parameters (AddParameter): Name = "Reuse Block"; Value = ""; VariantName = "[No Variations]"
Change component parameters (AddParameter): Name = "Source"; Value = "P1.SCHLIB"; VariantName = "[No Variations]"
Change component parameters (AddParameter): Name = "Supplier Footprint"; Value = "0805"; VariantName = "[No Variations]"
Change component parameters (AddParameter): Name = "Supplier Part Number"; Value = "C17414"; VariantName = "[No Variations]"
Change component parameters (AddParameter): Name = "Symbol"; Value = "0805W8F1002T5E"; VariantName = "[No Variations]"
Change component parameters (AddParameter): Name = "Temperature Coefficient"; Value = "±100ppm/?"; VariantName = "[No Variations]"
Change component parameters (AddParameter): Name = "Tolerance"; Value = "1%"; VariantName = "[No Variations]"
Change component parameters (AddParameter): Name = "Type"; Value = "Thick Film Resistor"; VariantName = "[No Variations]"
Change component parameters (AddParameter): Name = "Value"; Value = "10k"; VariantName = "[No Variations]"
Change component parameters (AddParameter): Name = "Voltage-Supply(Max)"; Value = "150V"; VariantName = "[No Variations]"
Change component parameters: Designator = "R32" ("R32"); Footprint = "R0805"; UniqueID = "\EHHDNUZL" ("\EHHDNUZL")
Change component parameters (AddParameter): Name = "AddInBom"; Value = "yes"; VariantName = "[No Variations]"
Change component parameters (AddParameter): Name = "Channel ID"; Value = ""; VariantName = "[No Variations]"
Change component parameters (AddParameter): Name = "ConvertToPcb"; Value = "yes"; VariantName = "[No Variations]"
Change component parameters (AddParameter): Name = "Datasheet"; Value = "https://item.szlcsc.com/datasheet/FRC0805F1000TS/3180731.html"; VariantName = "[No Variations]"
Change component parameters (AddParameter): Name = "Design Item ID"; Value = "FRC0805F1000TS"; VariantName = "[No Variations]"
Change component parameters (AddParameter): Name = "Device"; Value = "FRC0805F1000TS"; VariantName = "[No Variations]"
Change component parameters (AddParameter): Name = "FootprintName"; Value = "R0805"; VariantName = "[No Variations]"
Change component parameters (AddParameter): Name = "Group ID"; Value = ""; VariantName = "[No Variations]"
Change component parameters (AddParameter): Name = "JLCPCB Part Class"; Value = "Extended Part"; VariantName = "[No Variations]"
Change component parameters (AddParameter): Name = "LCSC Part Name"; Value = "100O ±1% 125mW ????"; VariantName = "[No Variations]"
Change component parameters (AddParameter): Name = "Manufacturer"; Value = "FOJAN(??)"; VariantName = "[No Variations]"
Change component parameters (AddParameter): Name = "Manufacturer Part Number"; Value = "FRC0805F1000TS"; VariantName = "[No Variations]"
Change component parameters (AddParameter): Name = "ModelId"; Value = "b83c7c5430874b8eb2319a65d9433429?0819f05c4eef4c71ace90d822a990e87"; VariantName = "[No Variations]"
Change component parameters (AddParameter): Name = "ModelName"; Value = "R0805_L2.0-W1.3-H0.6"; VariantName = "[No Variations]"
Change component parameters (AddParameter): Name = "ModelTransform"; Value = "78.74,51.181,0,0,0,0,0,-0.0005,0"; VariantName = "[No Variations]"
Change component parameters (AddParameter): Name = "Operating Temperature"; Value = "-55?~+155?"; VariantName = "[No Variations]"
Change component parameters (AddParameter): Name = "Operating Temperature Range"; Value = ""; VariantName = "[No Variations]"
Change component parameters (AddParameter): Name = "Overload Voltage (Max)"; Value = ""; VariantName = "[No Variations]"
Change component parameters (AddParameter): Name = "Power(Watts)"; Value = "125mW"; VariantName = "[No Variations]"
Change component parameters (AddParameter): Name = "Reuse Block"; Value = ""; VariantName = "[No Variations]"
Change component parameters (AddParameter): Name = "Source"; Value = "P1.SCHLIB"; VariantName = "[No Variations]"
Change component parameters (AddParameter): Name = "Supplier Footprint"; Value = "0805"; VariantName = "[No Variations]"
Change component parameters (AddParameter): Name = "Supplier Part Number"; Value = "C2907218"; VariantName = "[No Variations]"
Change component parameters (AddParameter): Name = "Symbol"; Value = "FRC0805F1000TS"; VariantName = "[No Variations]"
Change component parameters (AddParameter): Name = "Temperature Coefficient"; Value = "±100ppm/?"; VariantName = "[No Variations]"
Change component parameters (AddParameter): Name = "Tolerance"; Value = "1%"; VariantName = "[No Variations]"
Change component parameters (AddParameter): Name = "Type"; Value = "Thick Film Resistor"; VariantName = "[No Variations]"
Change component parameters (AddParameter): Name = "Value"; Value = "100"; VariantName = "[No Variations]"
Change component parameters (AddParameter): Name = "Voltage-Supply(Max)"; Value = "150V"; VariantName = "[No Variations]"
Change component parameters: Designator = "R33" ("R33"); Footprint = "R0805"; UniqueID = "\PQWCEUNR" ("\PQWCEUNR")
Change component parameters (AddParameter): Name = "AddInBom"; Value = "yes"; VariantName = "[No Variations]"
Change component parameters (AddParameter): Name = "Channel ID"; Value = ""; VariantName = "[No Variations]"
Change component parameters (AddParameter): Name = "ConvertToPcb"; Value = "yes"; VariantName = "[No Variations]"
Change component parameters (AddParameter): Name = "Datasheet"; Value = ""; VariantName = "[No Variations]"
Change component parameters (AddParameter): Name = "Design Item ID"; Value = "FRC0805F5761TS"; VariantName = "[No Variations]"
Change component parameters (AddParameter): Name = "Device"; Value = "FRC0805F5761TS"; VariantName = "[No Variations]"
Change component parameters (AddParameter): Name = "FootprintName"; Value = "R0805"; VariantName = "[No Variations]"
Change component parameters (AddParameter): Name = "Group ID"; Value = ""; VariantName = "[No Variations]"
Change component parameters (AddParameter): Name = "JLCPCB Part Class"; Value = "Extended Part"; VariantName = "[No Variations]"
Change component parameters (AddParameter): Name = "LCSC Part Name"; Value = "5.76kO ±1% 125mW ????"; VariantName = "[No Variations]"
Change component parameters (AddParameter): Name = "Manufacturer"; Value = "FOJAN(??)"; VariantName = "[No Variations]"
Change component parameters (AddParameter): Name = "Manufacturer Part Number"; Value = "FRC0805F5761TS"; VariantName = "[No Variations]"
Change component parameters (AddParameter): Name = "ModelId"; Value = "b83c7c5430874b8eb2319a65d9433429?0819f05c4eef4c71ace90d822a990e87"; VariantName = "[No Variations]"
Change component parameters (AddParameter): Name = "ModelName"; Value = "R0805_L2.0-W1.3-H0.6"; VariantName = "[No Variations]"
Change component parameters (AddParameter): Name = "ModelTransform"; Value = "78.74,51.181,0,0,0,0,0,-0.0005,0"; VariantName = "[No Variations]"
Change component parameters (AddParameter): Name = "Operating Temperature"; Value = "-55?~+155?"; VariantName = "[No Variations]"
Change component parameters (AddParameter): Name = "Operating Temperature Range"; Value = ""; VariantName = "[No Variations]"
Change component parameters (AddParameter): Name = "Overload Voltage (Max)"; Value = ""; VariantName = "[No Variations]"
Change component parameters (AddParameter): Name = "Power(Watts)"; Value = "125mW"; VariantName = "[No Variations]"
Change component parameters (AddParameter): Name = "Reuse Block"; Value = ""; VariantName = "[No Variations]"
Change component parameters (AddParameter): Name = "Source"; Value = "P1.SCHLIB"; VariantName = "[No Variations]"
Change component parameters (AddParameter): Name = "Supplier Footprint"; Value = "0805"; VariantName = "[No Variations]"
Change component parameters (AddParameter): Name = "Supplier Part Number"; Value = "C3000533"; VariantName = "[No Variations]"
Change component parameters (AddParameter): Name = "Symbol"; Value = "FRC0805F5761TS"; VariantName = "[No Variations]"
Change component parameters (AddParameter): Name = "Temperature Coefficient"; Value = "±100ppm/?"; VariantName = "[No Variations]"
Change component parameters (AddParameter): Name = "Tolerance"; Value = "1%"; VariantName = "[No Variations]"
Change component parameters (AddParameter): Name = "Type"; Value = "Thick Film Resistor"; VariantName = "[No Variations]"
Change component parameters (AddParameter): Name = "Value"; Value = "5.76k"; VariantName = "[No Variations]"
Change component parameters (AddParameter): Name = "Voltage-Supply(Max)"; Value = "150V"; VariantName = "[No Variations]"
Change component parameters: Designator = "R34" ("R34"); Footprint = "R0805"; UniqueID = "\VXHMMDCH" ("\VXHMMDCH")
Change component parameters (AddParameter): Name = "AddInBom"; Value = "yes"; VariantName = "[No Variations]"
Change component parameters (AddParameter): Name = "Channel ID"; Value = ""; VariantName = "[No Variations]"
Change component parameters (AddParameter): Name = "ConvertToPcb"; Value = "yes"; VariantName = "[No Variations]"
Change component parameters (AddParameter): Name = "Datasheet"; Value = "https://item.szlcsc.com/datasheet/0805W8F1002T5E/18102.html"; VariantName = "[No Variations]"
Change component parameters (AddParameter): Name = "Design Item ID"; Value = "0805W8F1002T5E"; VariantName = "[No Variations]"
Change component parameters (AddParameter): Name = "Device"; Value = "0805W8F1002T5E"; VariantName = "[No Variations]"
Change component parameters (AddParameter): Name = "FootprintName"; Value = "R0805"; VariantName = "[No Variations]"
Change component parameters (AddParameter): Name = "Group ID"; Value = ""; VariantName = "[No Variations]"
Change component parameters (AddParameter): Name = "JLCPCB Part Class"; Value = "Basic Part"; VariantName = "[No Variations]"
Change component parameters (AddParameter): Name = "LCSC Part Name"; Value = "10kO ±1% 125mW ????"; VariantName = "[No Variations]"
Change component parameters (AddParameter): Name = "Manufacturer"; Value = "UNI-ROYAL(??)"; VariantName = "[No Variations]"
Change component parameters (AddParameter): Name = "Manufacturer Part Number"; Value = "0805W8F1002T5E"; VariantName = "[No Variations]"
Change component parameters (AddParameter): Name = "ModelId"; Value = "b83c7c5430874b8eb2319a65d9433429?0819f05c4eef4c71ace90d822a990e87"; VariantName = "[No Variations]"
Change component parameters (AddParameter): Name = "ModelName"; Value = "R0805_L2.0-W1.3-H0.6"; VariantName = "[No Variations]"
Change component parameters (AddParameter): Name = "ModelTransform"; Value = "78.74,51.181,0,0,0,0,0,-0.0005,0"; VariantName = "[No Variations]"
Change component parameters (AddParameter): Name = "Operating Temperature"; Value = "-55?~+155?"; VariantName = "[No Variations]"
Change component parameters (AddParameter): Name = "Operating Temperature Range"; Value = ""; VariantName = "[No Variations]"
Change component parameters (AddParameter): Name = "Overload Voltage (Max)"; Value = ""; VariantName = "[No Variations]"
Change component parameters (AddParameter): Name = "Power(Watts)"; Value = "125mW"; VariantName = "[No Variations]"
Change component parameters (AddParameter): Name = "Reuse Block"; Value = ""; VariantName = "[No Variations]"
Change component parameters (AddParameter): Name = "Source"; Value = "P1.SCHLIB"; VariantName = "[No Variations]"
Change component parameters (AddParameter): Name = "Supplier Footprint"; Value = "0805"; VariantName = "[No Variations]"
Change component parameters (AddParameter): Name = "Supplier Part Number"; Value = "C17414"; VariantName = "[No Variations]"
Change component parameters (AddParameter): Name = "Symbol"; Value = "0805W8F1002T5E"; VariantName = "[No Variations]"
Change component parameters (AddParameter): Name = "Temperature Coefficient"; Value = "±100ppm/?"; VariantName = "[No Variations]"
Change component parameters (AddParameter): Name = "Tolerance"; Value = "1%"; VariantName = "[No Variations]"
Change component parameters (AddParameter): Name = "Type"; Value = "Thick Film Resistor"; VariantName = "[No Variations]"
Change component parameters (AddParameter): Name = "Value"; Value = "10k"; VariantName = "[No Variations]"
Change component parameters (AddParameter): Name = "Voltage-Supply(Max)"; Value = "150V"; VariantName = "[No Variations]"
Change component parameters: Designator = "R36" ("R36"); Footprint = "R0805"; UniqueID = "\HBRHQAJF" ("\HBRHQAJF")
Change component parameters (AddParameter): Name = "AddInBom"; Value = "yes"; VariantName = "[No Variations]"
Change component parameters (AddParameter): Name = "Channel ID"; Value = ""; VariantName = "[No Variations]"
Change component parameters (AddParameter): Name = "ConvertToPcb"; Value = "yes"; VariantName = "[No Variations]"
Change component parameters (AddParameter): Name = "Datasheet"; Value = "https://item.szlcsc.com/datasheet/FRC0805F3402TS/3279522.html"; VariantName = "[No Variations]"
Change component parameters (AddParameter): Name = "Design Item ID"; Value = "FRC0805F3402TS"; VariantName = "[No Variations]"
Change component parameters (AddParameter): Name = "Device"; Value = "FRC0805F3402TS"; VariantName = "[No Variations]"
Change component parameters (AddParameter): Name = "FootprintName"; Value = "R0805"; VariantName = "[No Variations]"
Change component parameters (AddParameter): Name = "Group ID"; Value = ""; VariantName = "[No Variations]"
Change component parameters (AddParameter): Name = "JLCPCB Part Class"; Value = "Extended Part"; VariantName = "[No Variations]"
Change component parameters (AddParameter): Name = "LCSC Part Name"; Value = "34kO ±1% 125mW ????"; VariantName = "[No Variations]"
Change component parameters (AddParameter): Name = "Manufacturer"; Value = "FOJAN(??)"; VariantName = "[No Variations]"
Change component parameters (AddParameter): Name = "Manufacturer Part Number"; Value = "FRC0805F3402TS"; VariantName = "[No Variations]"
Change component parameters (AddParameter): Name = "ModelId"; Value = "b83c7c5430874b8eb2319a65d9433429?0819f05c4eef4c71ace90d822a990e87"; VariantName = "[No Variations]"
Change component parameters (AddParameter): Name = "ModelName"; Value = "R0805_L2.0-W1.3-H0.6"; VariantName = "[No Variations]"
Change component parameters (AddParameter): Name = "ModelTransform"; Value = "78.74,51.181,0,0,0,0,0,-0.0005,0"; VariantName = "[No Variations]"
Change component parameters (AddParameter): Name = "Operating Temperature"; Value = "-55?~+155?"; VariantName = "[No Variations]"
Change component parameters (AddParameter): Name = "Operating Temperature Range"; Value = ""; VariantName = "[No Variations]"
Change component parameters (AddParameter): Name = "Overload Voltage (Max)"; Value = ""; VariantName = "[No Variations]"
Change component parameters (AddParameter): Name = "Power(Watts)"; Value = "125mW"; VariantName = "[No Variations]"
Change component parameters (AddParameter): Name = "Reuse Block"; Value = ""; VariantName = "[No Variations]"
Change component parameters (AddParameter): Name = "Source"; Value = "P1.SCHLIB"; VariantName = "[No Variations]"
Change component parameters (AddParameter): Name = "Supplier Footprint"; Value = "0805"; VariantName = "[No Variations]"
Change component parameters (AddParameter): Name = "Supplier Part Number"; Value = "C2933420"; VariantName = "[No Variations]"
Change component parameters (AddParameter): Name = "Symbol"; Value = "FRC0805F3402TS"; VariantName = "[No Variations]"
Change component parameters (AddParameter): Name = "Temperature Coefficient"; Value = "±100ppm/?"; VariantName = "[No Variations]"
Change component parameters (AddParameter): Name = "Tolerance"; Value = "1%"; VariantName = "[No Variations]"
Change component parameters (AddParameter): Name = "Type"; Value = "Thick Film Resistor"; VariantName = "[No Variations]"
Change component parameters (AddParameter): Name = "Value"; Value = "34k"; VariantName = "[No Variations]"
Change component parameters (AddParameter): Name = "Voltage-Supply(Max)"; Value = "150V"; VariantName = "[No Variations]"
Change component parameters: Designator = "R37" ("R37"); Footprint = "R0805"; UniqueID = "\GDSENZFJ" ("\GDSENZFJ")
Change component parameters (AddParameter): Name = "AddInBom"; Value = "yes"; VariantName = "[No Variations]"
Change component parameters (AddParameter): Name = "Channel ID"; Value = ""; VariantName = "[No Variations]"
Change component parameters (AddParameter): Name = "ConvertToPcb"; Value = "yes"; VariantName = "[No Variations]"
Change component parameters (AddParameter): Name = "Datasheet"; Value = "https://item.szlcsc.com/datasheet/0805W8F1002T5E/18102.html"; VariantName = "[No Variations]"
Change component parameters (AddParameter): Name = "Design Item ID"; Value = "0805W8F1002T5E"; VariantName = "[No Variations]"
Change component parameters (AddParameter): Name = "Device"; Value = "0805W8F1002T5E"; VariantName = "[No Variations]"
Change component parameters (AddParameter): Name = "FootprintName"; Value = "R0805"; VariantName = "[No Variations]"
Change component parameters (AddParameter): Name = "Group ID"; Value = ""; VariantName = "[No Variations]"
Change component parameters (AddParameter): Name = "JLCPCB Part Class"; Value = "Basic Part"; VariantName = "[No Variations]"
Change component parameters (AddParameter): Name = "LCSC Part Name"; Value = "10kO ±1% 125mW ????"; VariantName = "[No Variations]"
Change component parameters (AddParameter): Name = "Manufacturer"; Value = "UNI-ROYAL(??)"; VariantName = "[No Variations]"
Change component parameters (AddParameter): Name = "Manufacturer Part Number"; Value = "0805W8F1002T5E"; VariantName = "[No Variations]"
Change component parameters (AddParameter): Name = "ModelId"; Value = "b83c7c5430874b8eb2319a65d9433429?0819f05c4eef4c71ace90d822a990e87"; VariantName = "[No Variations]"
Change component parameters (AddParameter): Name = "ModelName"; Value = "R0805_L2.0-W1.3-H0.6"; VariantName = "[No Variations]"
Change component parameters (AddParameter): Name = "ModelTransform"; Value = "78.74,51.181,0,0,0,0,0,-0.0005,0"; VariantName = "[No Variations]"
Change component parameters (AddParameter): Name = "Operating Temperature"; Value = "-55?~+155?"; VariantName = "[No Variations]"
Change component parameters (AddParameter): Name = "Operating Temperature Range"; Value = ""; VariantName = "[No Variations]"
Change component parameters (AddParameter): Name = "Overload Voltage (Max)"; Value = ""; VariantName = "[No Variations]"
Change component parameters (AddParameter): Name = "Power(Watts)"; Value = "125mW"; VariantName = "[No Variations]"
Change component parameters (AddParameter): Name = "Reuse Block"; Value = ""; VariantName = "[No Variations]"
Change component parameters (AddParameter): Name = "Source"; Value = "P1.SCHLIB"; VariantName = "[No Variations]"
Change component parameters (AddParameter): Name = "Supplier Footprint"; Value = "0805"; VariantName = "[No Variations]"
Change component parameters (AddParameter): Name = "Supplier Part Number"; Value = "C17414"; VariantName = "[No Variations]"
Change component parameters (AddParameter): Name = "Symbol"; Value = "0805W8F1002T5E"; VariantName = "[No Variations]"
Change component parameters (AddParameter): Name = "Temperature Coefficient"; Value = "±100ppm/?"; VariantName = "[No Variations]"
Change component parameters (AddParameter): Name = "Tolerance"; Value = "1%"; VariantName = "[No Variations]"
Change component parameters (AddParameter): Name = "Type"; Value = "Thick Film Resistor"; VariantName = "[No Variations]"
Change component parameters (AddParameter): Name = "Value"; Value = "10k"; VariantName = "[No Variations]"
Change component parameters (AddParameter): Name = "Voltage-Supply(Max)"; Value = "150V"; VariantName = "[No Variations]"
Change component parameters: Designator = "R38" ("R38"); Footprint = "R0805"; UniqueID = "\IIOPJISL" ("\IIOPJISL")
Change component parameters (AddParameter): Name = "AddInBom"; Value = "yes"; VariantName = "[No Variations]"
Change component parameters (AddParameter): Name = "Channel ID"; Value = ""; VariantName = "[No Variations]"
Change component parameters (AddParameter): Name = "ConvertToPcb"; Value = "yes"; VariantName = "[No Variations]"
Change component parameters (AddParameter): Name = "Datasheet"; Value = "https://item.szlcsc.com/datasheet/0805W8F0000T5E/18165.html"; VariantName = "[No Variations]"
Change component parameters (AddParameter): Name = "Design Item ID"; Value = "0805W8F0000T5E_C17477"; VariantName = "[No Variations]"
Change component parameters (AddParameter): Name = "Device"; Value = "0805W8F0000T5E_C17477"; VariantName = "[No Variations]"
Change component parameters (AddParameter): Name = "FootprintName"; Value = "R0805"; VariantName = "[No Variations]"
Change component parameters (AddParameter): Name = "Group ID"; Value = ""; VariantName = "[No Variations]"
Change component parameters (AddParameter): Name = "JLCPCB Part Class"; Value = "Basic Part"; VariantName = "[No Variations]"
Change component parameters (AddParameter): Name = "LCSC Part Name"; Value = "0O ±1% 125mW ????"; VariantName = "[No Variations]"
Change component parameters (AddParameter): Name = "Manufacturer"; Value = "UNI-ROYAL(??)"; VariantName = "[No Variations]"
Change component parameters (AddParameter): Name = "Manufacturer Part Number"; Value = "0805W8F0000T5E"; VariantName = "[No Variations]"
Change component parameters (AddParameter): Name = "ModelId"; Value = "b83c7c5430874b8eb2319a65d9433429?0819f05c4eef4c71ace90d822a990e87"; VariantName = "[No Variations]"
Change component parameters (AddParameter): Name = "ModelName"; Value = "R0805_L2.0-W1.3-H0.6"; VariantName = "[No Variations]"
Change component parameters (AddParameter): Name = "ModelTransform"; Value = "78.74,51.181,0,0,0,0,0,-0.0005,0"; VariantName = "[No Variations]"
Change component parameters (AddParameter): Name = "Operating Temperature"; Value = "-55?~+155?"; VariantName = "[No Variations]"
Change component parameters (AddParameter): Name = "Operating Temperature Range"; Value = ""; VariantName = "[No Variations]"
Change component parameters (AddParameter): Name = "Overload Voltage (Max)"; Value = ""; VariantName = "[No Variations]"
Change component parameters (AddParameter): Name = "Power(Watts)"; Value = "125mW"; VariantName = "[No Variations]"
Change component parameters (AddParameter): Name = "Reuse Block"; Value = ""; VariantName = "[No Variations]"
Change component parameters (AddParameter): Name = "Source"; Value = "P1.SCHLIB"; VariantName = "[No Variations]"
Change component parameters (AddParameter): Name = "Supplier Footprint"; Value = "0805"; VariantName = "[No Variations]"
Change component parameters (AddParameter): Name = "Supplier Part Number"; Value = "C17477"; VariantName = "[No Variations]"
Change component parameters (AddParameter): Name = "Symbol"; Value = "0805W8F0000T5E"; VariantName = "[No Variations]"
Change component parameters (AddParameter): Name = "Temperature Coefficient"; Value = "±800ppm/?"; VariantName = "[No Variations]"
Change component parameters (AddParameter): Name = "Tolerance"; Value = "1%"; VariantName = "[No Variations]"
Change component parameters (AddParameter): Name = "Type"; Value = "Thick Film Resistor"; VariantName = "[No Variations]"
Change component parameters (AddParameter): Name = "Value"; Value = "0"; VariantName = "[No Variations]"
Change component parameters (AddParameter): Name = "Voltage-Supply(Max)"; Value = "150V"; VariantName = "[No Variations]"
Change component parameters: Designator = "R39" ("R39"); Footprint = "R0805"; UniqueID = "\OZOPAAIW" ("\OZOPAAIW")
Change component parameters (AddParameter): Name = "AddInBom"; Value = "yes"; VariantName = "[No Variations]"
Change component parameters (AddParameter): Name = "Channel ID"; Value = ""; VariantName = "[No Variations]"
Change component parameters (AddParameter): Name = "ConvertToPcb"; Value = "yes"; VariantName = "[No Variations]"
Change component parameters (AddParameter): Name = "Datasheet"; Value = "https://item.szlcsc.com/datasheet/0805W8F0000T5E/18165.html"; VariantName = "[No Variations]"
Change component parameters (AddParameter): Name = "Design Item ID"; Value = "0805W8F0000T5E_C17477"; VariantName = "[No Variations]"
Change component parameters (AddParameter): Name = "Device"; Value = "0805W8F0000T5E_C17477"; VariantName = "[No Variations]"
Change component parameters (AddParameter): Name = "FootprintName"; Value = "R0805"; VariantName = "[No Variations]"
Change component parameters (AddParameter): Name = "Group ID"; Value = ""; VariantName = "[No Variations]"
Change component parameters (AddParameter): Name = "JLCPCB Part Class"; Value = "Basic Part"; VariantName = "[No Variations]"
Change component parameters (AddParameter): Name = "LCSC Part Name"; Value = "0O ±1% 125mW ????"; VariantName = "[No Variations]"
Change component parameters (AddParameter): Name = "Manufacturer"; Value = "UNI-ROYAL(??)"; VariantName = "[No Variations]"
Change component parameters (AddParameter): Name = "Manufacturer Part Number"; Value = "0805W8F0000T5E"; VariantName = "[No Variations]"
Change component parameters (AddParameter): Name = "ModelId"; Value = "b83c7c5430874b8eb2319a65d9433429?0819f05c4eef4c71ace90d822a990e87"; VariantName = "[No Variations]"
Change component parameters (AddParameter): Name = "ModelName"; Value = "R0805_L2.0-W1.3-H0.6"; VariantName = "[No Variations]"
Change component parameters (AddParameter): Name = "ModelTransform"; Value = "78.74,51.181,0,0,0,0,0,-0.0005,0"; VariantName = "[No Variations]"
Change component parameters (AddParameter): Name = "Operating Temperature"; Value = "-55?~+155?"; VariantName = "[No Variations]"
Change component parameters (AddParameter): Name = "Operating Temperature Range"; Value = ""; VariantName = "[No Variations]"
Change component parameters (AddParameter): Name = "Overload Voltage (Max)"; Value = ""; VariantName = "[No Variations]"
Change component parameters (AddParameter): Name = "Power(Watts)"; Value = "125mW"; VariantName = "[No Variations]"
Change component parameters (AddParameter): Name = "Reuse Block"; Value = ""; VariantName = "[No Variations]"
Change component parameters (AddParameter): Name = "Source"; Value = "P1.SCHLIB"; VariantName = "[No Variations]"
Change component parameters (AddParameter): Name = "Supplier Footprint"; Value = "0805"; VariantName = "[No Variations]"
Change component parameters (AddParameter): Name = "Supplier Part Number"; Value = "C17477"; VariantName = "[No Variations]"
Change component parameters (AddParameter): Name = "Symbol"; Value = "0805W8F0000T5E"; VariantName = "[No Variations]"
Change component parameters (AddParameter): Name = "Temperature Coefficient"; Value = "±800ppm/?"; VariantName = "[No Variations]"
Change component parameters (AddParameter): Name = "Tolerance"; Value = "1%"; VariantName = "[No Variations]"
Change component parameters (AddParameter): Name = "Type"; Value = "Thick Film Resistor"; VariantName = "[No Variations]"
Change component parameters (AddParameter): Name = "Value"; Value = "0"; VariantName = "[No Variations]"
Change component parameters (AddParameter): Name = "Voltage-Supply(Max)"; Value = "150V"; VariantName = "[No Variations]"
Change component parameters: Designator = "R40" ("R40"); Footprint = "R0805"; UniqueID = "\THPQFIVC" ("\THPQFIVC")
Change component parameters (AddParameter): Name = "AddInBom"; Value = "yes"; VariantName = "[No Variations]"
Change component parameters (AddParameter): Name = "Channel ID"; Value = ""; VariantName = "[No Variations]"
Change component parameters (AddParameter): Name = "ConvertToPcb"; Value = "yes"; VariantName = "[No Variations]"
Change component parameters (AddParameter): Name = "Datasheet"; Value = "https://item.szlcsc.com/datasheet/0805W8F1002T5E/18102.html"; VariantName = "[No Variations]"
Change component parameters (AddParameter): Name = "Design Item ID"; Value = "0805W8F1002T5E"; VariantName = "[No Variations]"
Change component parameters (AddParameter): Name = "Device"; Value = "0805W8F1002T5E"; VariantName = "[No Variations]"
Change component parameters (AddParameter): Name = "FootprintName"; Value = "R0805"; VariantName = "[No Variations]"
Change component parameters (AddParameter): Name = "Group ID"; Value = ""; VariantName = "[No Variations]"
Change component parameters (AddParameter): Name = "JLCPCB Part Class"; Value = "Basic Part"; VariantName = "[No Variations]"
Change component parameters (AddParameter): Name = "LCSC Part Name"; Value = "10kO ±1% 125mW ????"; VariantName = "[No Variations]"
Change component parameters (AddParameter): Name = "Manufacturer"; Value = "UNI-ROYAL(??)"; VariantName = "[No Variations]"
Change component parameters (AddParameter): Name = "Manufacturer Part Number"; Value = "0805W8F1002T5E"; VariantName = "[No Variations]"
Change component parameters (AddParameter): Name = "ModelId"; Value = "b83c7c5430874b8eb2319a65d9433429?0819f05c4eef4c71ace90d822a990e87"; VariantName = "[No Variations]"
Change component parameters (AddParameter): Name = "ModelName"; Value = "R0805_L2.0-W1.3-H0.6"; VariantName = "[No Variations]"
Change component parameters (AddParameter): Name = "ModelTransform"; Value = "78.74,51.181,0,0,0,0,0,-0.0005,0"; VariantName = "[No Variations]"
Change component parameters (AddParameter): Name = "Operating Temperature"; Value = "-55?~+155?"; VariantName = "[No Variations]"
Change component parameters (AddParameter): Name = "Operating Temperature Range"; Value = ""; VariantName = "[No Variations]"
Change component parameters (AddParameter): Name = "Overload Voltage (Max)"; Value = ""; VariantName = "[No Variations]"
Change component parameters (AddParameter): Name = "Power(Watts)"; Value = "125mW"; VariantName = "[No Variations]"
Change component parameters (AddParameter): Name = "Reuse Block"; Value = ""; VariantName = "[No Variations]"
Change component parameters (AddParameter): Name = "Source"; Value = "P1.SCHLIB"; VariantName = "[No Variations]"
Change component parameters (AddParameter): Name = "Supplier Footprint"; Value = "0805"; VariantName = "[No Variations]"
Change component parameters (AddParameter): Name = "Supplier Part Number"; Value = "C17414"; VariantName = "[No Variations]"
Change component parameters (AddParameter): Name = "Symbol"; Value = "0805W8F1002T5E"; VariantName = "[No Variations]"
Change component parameters (AddParameter): Name = "Temperature Coefficient"; Value = "±100ppm/?"; VariantName = "[No Variations]"
Change component parameters (AddParameter): Name = "Tolerance"; Value = "1%"; VariantName = "[No Variations]"
Change component parameters (AddParameter): Name = "Type"; Value = "Thick Film Resistor"; VariantName = "[No Variations]"
Change component parameters (AddParameter): Name = "Value"; Value = "10k"; VariantName = "[No Variations]"
Change component parameters (AddParameter): Name = "Voltage-Supply(Max)"; Value = "150V"; VariantName = "[No Variations]"
Change component parameters: Designator = "R41" ("R41"); Footprint = "R0805"; UniqueID = "\GSKKCJVY" ("\GSKKCJVY")
Change component parameters (AddParameter): Name = "AddInBom"; Value = "yes"; VariantName = "[No Variations]"
Change component parameters (AddParameter): Name = "Channel ID"; Value = ""; VariantName = "[No Variations]"
Change component parameters (AddParameter): Name = "ConvertToPcb"; Value = "yes"; VariantName = "[No Variations]"
Change component parameters (AddParameter): Name = "Datasheet"; Value = "https://item.szlcsc.com/datasheet/0805W8F1002T5E/18102.html"; VariantName = "[No Variations]"
Change component parameters (AddParameter): Name = "Design Item ID"; Value = "0805W8F1002T5E"; VariantName = "[No Variations]"
Change component parameters (AddParameter): Name = "Device"; Value = "0805W8F1002T5E"; VariantName = "[No Variations]"
Change component parameters (AddParameter): Name = "FootprintName"; Value = "R0805"; VariantName = "[No Variations]"
Change component parameters (AddParameter): Name = "Group ID"; Value = ""; VariantName = "[No Variations]"
Change component parameters (AddParameter): Name = "JLCPCB Part Class"; Value = "Basic Part"; VariantName = "[No Variations]"
Change component parameters (AddParameter): Name = "LCSC Part Name"; Value = "10kO ±1% 125mW ????"; VariantName = "[No Variations]"
Change component parameters (AddParameter): Name = "Manufacturer"; Value = "UNI-ROYAL(??)"; VariantName = "[No Variations]"
Change component parameters (AddParameter): Name = "Manufacturer Part Number"; Value = "0805W8F1002T5E"; VariantName = "[No Variations]"
Change component parameters (AddParameter): Name = "ModelId"; Value = "b83c7c5430874b8eb2319a65d9433429?0819f05c4eef4c71ace90d822a990e87"; VariantName = "[No Variations]"
Change component parameters (AddParameter): Name = "ModelName"; Value = "R0805_L2.0-W1.3-H0.6"; VariantName = "[No Variations]"
Change component parameters (AddParameter): Name = "ModelTransform"; Value = "78.74,51.181,0,0,0,0,0,-0.0005,0"; VariantName = "[No Variations]"
Change component parameters (AddParameter): Name = "Operating Temperature"; Value = "-55?~+155?"; VariantName = "[No Variations]"
Change component parameters (AddParameter): Name = "Operating Temperature Range"; Value = ""; VariantName = "[No Variations]"
Change component parameters (AddParameter): Name = "Overload Voltage (Max)"; Value = ""; VariantName = "[No Variations]"
Change component parameters (AddParameter): Name = "Power(Watts)"; Value = "125mW"; VariantName = "[No Variations]"
Change component parameters (AddParameter): Name = "Reuse Block"; Value = ""; VariantName = "[No Variations]"
Change component parameters (AddParameter): Name = "Source"; Value = "P1.SCHLIB"; VariantName = "[No Variations]"
Change component parameters (AddParameter): Name = "Supplier Footprint"; Value = "0805"; VariantName = "[No Variations]"
Change component parameters (AddParameter): Name = "Supplier Part Number"; Value = "C17414"; VariantName = "[No Variations]"
Change component parameters (AddParameter): Name = "Symbol"; Value = "0805W8F1002T5E"; VariantName = "[No Variations]"
Change component parameters (AddParameter): Name = "Temperature Coefficient"; Value = "±100ppm/?"; VariantName = "[No Variations]"
Change component parameters (AddParameter): Name = "Tolerance"; Value = "1%"; VariantName = "[No Variations]"
Change component parameters (AddParameter): Name = "Type"; Value = "Thick Film Resistor"; VariantName = "[No Variations]"
Change component parameters (AddParameter): Name = "Value"; Value = "10k"; VariantName = "[No Variations]"
Change component parameters (AddParameter): Name = "Voltage-Supply(Max)"; Value = "150V"; VariantName = "[No Variations]"
Change component parameters: Designator = "R43" ("R43"); Footprint = "R0805"; UniqueID = "\QSFFKNPH" ("\QSFFKNPH")
Change component parameters (AddParameter): Name = "AddInBom"; Value = "yes"; VariantName = "[No Variations]"
Change component parameters (AddParameter): Name = "Channel ID"; Value = ""; VariantName = "[No Variations]"
Change component parameters (AddParameter): Name = "ConvertToPcb"; Value = "yes"; VariantName = "[No Variations]"
Change component parameters (AddParameter): Name = "Datasheet"; Value = "https://item.szlcsc.com/datasheet/0805W8F1002T5E/18102.html"; VariantName = "[No Variations]"
Change component parameters (AddParameter): Name = "Design Item ID"; Value = "0805W8F1002T5E"; VariantName = "[No Variations]"
Change component parameters (AddParameter): Name = "Device"; Value = "0805W8F1002T5E"; VariantName = "[No Variations]"
Change component parameters (AddParameter): Name = "FootprintName"; Value = "R0805"; VariantName = "[No Variations]"
Change component parameters (AddParameter): Name = "Group ID"; Value = ""; VariantName = "[No Variations]"
Change component parameters (AddParameter): Name = "JLCPCB Part Class"; Value = "Basic Part"; VariantName = "[No Variations]"
Change component parameters (AddParameter): Name = "LCSC Part Name"; Value = "10kO ±1% 125mW ????"; VariantName = "[No Variations]"
Change component parameters (AddParameter): Name = "Manufacturer"; Value = "UNI-ROYAL(??)"; VariantName = "[No Variations]"
Change component parameters (AddParameter): Name = "Manufacturer Part Number"; Value = "0805W8F1002T5E"; VariantName = "[No Variations]"
Change component parameters (AddParameter): Name = "ModelId"; Value = "b83c7c5430874b8eb2319a65d9433429?0819f05c4eef4c71ace90d822a990e87"; VariantName = "[No Variations]"
Change component parameters (AddParameter): Name = "ModelName"; Value = "R0805_L2.0-W1.3-H0.6"; VariantName = "[No Variations]"
Change component parameters (AddParameter): Name = "ModelTransform"; Value = "78.74,51.181,0,0,0,0,0,-0.0005,0"; VariantName = "[No Variations]"
Change component parameters (AddParameter): Name = "Operating Temperature"; Value = "-55?~+155?"; VariantName = "[No Variations]"
Change component parameters (AddParameter): Name = "Operating Temperature Range"; Value = ""; VariantName = "[No Variations]"
Change component parameters (AddParameter): Name = "Overload Voltage (Max)"; Value = ""; VariantName = "[No Variations]"
Change component parameters (AddParameter): Name = "Power(Watts)"; Value = "125mW"; VariantName = "[No Variations]"
Change component parameters (AddParameter): Name = "Reuse Block"; Value = ""; VariantName = "[No Variations]"
Change component parameters (AddParameter): Name = "Source"; Value = "P1.SCHLIB"; VariantName = "[No Variations]"
Change component parameters (AddParameter): Name = "Supplier Footprint"; Value = "0805"; VariantName = "[No Variations]"
Change component parameters (AddParameter): Name = "Supplier Part Number"; Value = "C17414"; VariantName = "[No Variations]"
Change component parameters (AddParameter): Name = "Symbol"; Value = "0805W8F1002T5E"; VariantName = "[No Variations]"
Change component parameters (AddParameter): Name = "Temperature Coefficient"; Value = "±100ppm/?"; VariantName = "[No Variations]"
Change component parameters (AddParameter): Name = "Tolerance"; Value = "1%"; VariantName = "[No Variations]"
Change component parameters (AddParameter): Name = "Type"; Value = "Thick Film Resistor"; VariantName = "[No Variations]"
Change component parameters (AddParameter): Name = "Value"; Value = "10k"; VariantName = "[No Variations]"
Change component parameters (AddParameter): Name = "Voltage-Supply(Max)"; Value = "150V"; VariantName = "[No Variations]"
Change component parameters: Designator = "R45" ("R45"); Footprint = "R0805"; UniqueID = "\PRGLRAEX" ("\PRGLRAEX")
Change component parameters (AddParameter): Name = "AddInBom"; Value = "yes"; VariantName = "[No Variations]"
Change component parameters (AddParameter): Name = "Channel ID"; Value = ""; VariantName = "[No Variations]"
Change component parameters (AddParameter): Name = "ConvertToPcb"; Value = "yes"; VariantName = "[No Variations]"
Change component parameters (AddParameter): Name = "Datasheet"; Value = "https://item.szlcsc.com/datasheet/0805W8F1002T5E/18102.html"; VariantName = "[No Variations]"
Change component parameters (AddParameter): Name = "Design Item ID"; Value = "0805W8F1002T5E"; VariantName = "[No Variations]"
Change component parameters (AddParameter): Name = "Device"; Value = "0805W8F1002T5E"; VariantName = "[No Variations]"
Change component parameters (AddParameter): Name = "FootprintName"; Value = "R0805"; VariantName = "[No Variations]"
Change component parameters (AddParameter): Name = "Group ID"; Value = ""; VariantName = "[No Variations]"
Change component parameters (AddParameter): Name = "JLCPCB Part Class"; Value = "Basic Part"; VariantName = "[No Variations]"
Change component parameters (AddParameter): Name = "LCSC Part Name"; Value = "10kO ±1% 125mW ????"; VariantName = "[No Variations]"
Change component parameters (AddParameter): Name = "Manufacturer"; Value = "UNI-ROYAL(??)"; VariantName = "[No Variations]"
Change component parameters (AddParameter): Name = "Manufacturer Part Number"; Value = "0805W8F1002T5E"; VariantName = "[No Variations]"
Change component parameters (AddParameter): Name = "ModelId"; Value = "b83c7c5430874b8eb2319a65d9433429?0819f05c4eef4c71ace90d822a990e87"; VariantName = "[No Variations]"
Change component parameters (AddParameter): Name = "ModelName"; Value = "R0805_L2.0-W1.3-H0.6"; VariantName = "[No Variations]"
Change component parameters (AddParameter): Name = "ModelTransform"; Value = "78.74,51.181,0,0,0,0,0,-0.0005,0"; VariantName = "[No Variations]"
Change component parameters (AddParameter): Name = "Operating Temperature"; Value = "-55?~+155?"; VariantName = "[No Variations]"
Change component parameters (AddParameter): Name = "Operating Temperature Range"; Value = ""; VariantName = "[No Variations]"
Change component parameters (AddParameter): Name = "Overload Voltage (Max)"; Value = ""; VariantName = "[No Variations]"
Change component parameters (AddParameter): Name = "Power(Watts)"; Value = "125mW"; VariantName = "[No Variations]"
Change component parameters (AddParameter): Name = "Reuse Block"; Value = ""; VariantName = "[No Variations]"
Change component parameters (AddParameter): Name = "Source"; Value = "P1.SCHLIB"; VariantName = "[No Variations]"
Change component parameters (AddParameter): Name = "Supplier Footprint"; Value = "0805"; VariantName = "[No Variations]"
Change component parameters (AddParameter): Name = "Supplier Part Number"; Value = "C17414"; VariantName = "[No Variations]"
Change component parameters (AddParameter): Name = "Symbol"; Value = "0805W8F1002T5E"; VariantName = "[No Variations]"
Change component parameters (AddParameter): Name = "Temperature Coefficient"; Value = "±100ppm/?"; VariantName = "[No Variations]"
Change component parameters (AddParameter): Name = "Tolerance"; Value = "1%"; VariantName = "[No Variations]"
Change component parameters (AddParameter): Name = "Type"; Value = "Thick Film Resistor"; VariantName = "[No Variations]"
Change component parameters (AddParameter): Name = "Value"; Value = "10k"; VariantName = "[No Variations]"
Change component parameters (AddParameter): Name = "Voltage-Supply(Max)"; Value = "150V"; VariantName = "[No Variations]"
Change component parameters: Designator = "R48" ("R48"); Footprint = "R0805"; UniqueID = "\NBCFLAUU" ("\NBCFLAUU")
Change component parameters (AddParameter): Name = "AddInBom"; Value = "yes"; VariantName = "[No Variations]"
Change component parameters (AddParameter): Name = "Channel ID"; Value = ""; VariantName = "[No Variations]"
Change component parameters (AddParameter): Name = "ConvertToPcb"; Value = "yes"; VariantName = "[No Variations]"
Change component parameters (AddParameter): Name = "Datasheet"; Value = "https://item.szlcsc.com/datasheet/FRC0805F3402TS/3279522.html"; VariantName = "[No Variations]"
Change component parameters (AddParameter): Name = "Design Item ID"; Value = "FRC0805F3402TS"; VariantName = "[No Variations]"
Change component parameters (AddParameter): Name = "Device"; Value = "FRC0805F3402TS"; VariantName = "[No Variations]"
Change component parameters (AddParameter): Name = "FootprintName"; Value = "R0805"; VariantName = "[No Variations]"
Change component parameters (AddParameter): Name = "Group ID"; Value = ""; VariantName = "[No Variations]"
Change component parameters (AddParameter): Name = "JLCPCB Part Class"; Value = "Extended Part"; VariantName = "[No Variations]"
Change component parameters (AddParameter): Name = "LCSC Part Name"; Value = "34kO ±1% 125mW ????"; VariantName = "[No Variations]"
Change component parameters (AddParameter): Name = "Manufacturer"; Value = "FOJAN(??)"; VariantName = "[No Variations]"
Change component parameters (AddParameter): Name = "Manufacturer Part Number"; Value = "FRC0805F3402TS"; VariantName = "[No Variations]"
Change component parameters (AddParameter): Name = "ModelId"; Value = "b83c7c5430874b8eb2319a65d9433429?0819f05c4eef4c71ace90d822a990e87"; VariantName = "[No Variations]"
Change component parameters (AddParameter): Name = "ModelName"; Value = "R0805_L2.0-W1.3-H0.6"; VariantName = "[No Variations]"
Change component parameters (AddParameter): Name = "ModelTransform"; Value = "78.74,51.181,0,0,0,0,0,-0.0005,0"; VariantName = "[No Variations]"
Change component parameters (AddParameter): Name = "Operating Temperature"; Value = "-55?~+155?"; VariantName = "[No Variations]"
Change component parameters (AddParameter): Name = "Operating Temperature Range"; Value = ""; VariantName = "[No Variations]"
Change component parameters (AddParameter): Name = "Overload Voltage (Max)"; Value = ""; VariantName = "[No Variations]"
Change component parameters (AddParameter): Name = "Power(Watts)"; Value = "125mW"; VariantName = "[No Variations]"
Change component parameters (AddParameter): Name = "Reuse Block"; Value = ""; VariantName = "[No Variations]"
Change component parameters (AddParameter): Name = "Source"; Value = "P1.SCHLIB"; VariantName = "[No Variations]"
Change component parameters (AddParameter): Name = "Supplier Footprint"; Value = "0805"; VariantName = "[No Variations]"
Change component parameters (AddParameter): Name = "Supplier Part Number"; Value = "C2933420"; VariantName = "[No Variations]"
Change component parameters (AddParameter): Name = "Symbol"; Value = "FRC0805F3402TS"; VariantName = "[No Variations]"
Change component parameters (AddParameter): Name = "Temperature Coefficient"; Value = "±100ppm/?"; VariantName = "[No Variations]"
Change component parameters (AddParameter): Name = "Tolerance"; Value = "1%"; VariantName = "[No Variations]"
Change component parameters (AddParameter): Name = "Type"; Value = "Thick Film Resistor"; VariantName = "[No Variations]"
Change component parameters (AddParameter): Name = "Value"; Value = "34k"; VariantName = "[No Variations]"
Change component parameters (AddParameter): Name = "Voltage-Supply(Max)"; Value = "150V"; VariantName = "[No Variations]"
Change component parameters: Designator = "R50" ("R50"); Footprint = "R0805"; UniqueID = "\JJPIEIHN" ("\JJPIEIHN")
Change component parameters (AddParameter): Name = "AddInBom"; Value = "yes"; VariantName = "[No Variations]"
Change component parameters (AddParameter): Name = "Channel ID"; Value = ""; VariantName = "[No Variations]"
Change component parameters (AddParameter): Name = "ConvertToPcb"; Value = "yes"; VariantName = "[No Variations]"
Change component parameters (AddParameter): Name = "Datasheet"; Value = "https://item.szlcsc.com/datasheet/FRC0805F1000TS/3180731.html"; VariantName = "[No Variations]"
Change component parameters (AddParameter): Name = "Design Item ID"; Value = "FRC0805F1000TS"; VariantName = "[No Variations]"
Change component parameters (AddParameter): Name = "Device"; Value = "FRC0805F1000TS"; VariantName = "[No Variations]"
Change component parameters (AddParameter): Name = "FootprintName"; Value = "R0805"; VariantName = "[No Variations]"
Change component parameters (AddParameter): Name = "Group ID"; Value = ""; VariantName = "[No Variations]"
Change component parameters (AddParameter): Name = "JLCPCB Part Class"; Value = "Extended Part"; VariantName = "[No Variations]"
Change component parameters (AddParameter): Name = "LCSC Part Name"; Value = "100O ±1% 125mW ????"; VariantName = "[No Variations]"
Change component parameters (AddParameter): Name = "Manufacturer"; Value = "FOJAN(??)"; VariantName = "[No Variations]"
Change component parameters (AddParameter): Name = "Manufacturer Part Number"; Value = "FRC0805F1000TS"; VariantName = "[No Variations]"
Change component parameters (AddParameter): Name = "ModelId"; Value = "b83c7c5430874b8eb2319a65d9433429?0819f05c4eef4c71ace90d822a990e87"; VariantName = "[No Variations]"
Change component parameters (AddParameter): Name = "ModelName"; Value = "R0805_L2.0-W1.3-H0.6"; VariantName = "[No Variations]"
Change component parameters (AddParameter): Name = "ModelTransform"; Value = "78.74,51.181,0,0,0,0,0,-0.0005,0"; VariantName = "[No Variations]"
Change component parameters (AddParameter): Name = "Operating Temperature"; Value = "-55?~+155?"; VariantName = "[No Variations]"
Change component parameters (AddParameter): Name = "Operating Temperature Range"; Value = ""; VariantName = "[No Variations]"
Change component parameters (AddParameter): Name = "Overload Voltage (Max)"; Value = ""; VariantName = "[No Variations]"
Change component parameters (AddParameter): Name = "Power(Watts)"; Value = "125mW"; VariantName = "[No Variations]"
Change component parameters (AddParameter): Name = "Reuse Block"; Value = ""; VariantName = "[No Variations]"
Change component parameters (AddParameter): Name = "Source"; Value = "P1.SCHLIB"; VariantName = "[No Variations]"
Change component parameters (AddParameter): Name = "Supplier Footprint"; Value = "0805"; VariantName = "[No Variations]"
Change component parameters (AddParameter): Name = "Supplier Part Number"; Value = "C2907218"; VariantName = "[No Variations]"
Change component parameters (AddParameter): Name = "Symbol"; Value = "FRC0805F1000TS"; VariantName = "[No Variations]"
Change component parameters (AddParameter): Name = "Temperature Coefficient"; Value = "±100ppm/?"; VariantName = "[No Variations]"
Change component parameters (AddParameter): Name = "Tolerance"; Value = "1%"; VariantName = "[No Variations]"
Change component parameters (AddParameter): Name = "Type"; Value = "Thick Film Resistor"; VariantName = "[No Variations]"
Change component parameters (AddParameter): Name = "Value"; Value = "100"; VariantName = "[No Variations]"
Change component parameters (AddParameter): Name = "Voltage-Supply(Max)"; Value = "150V"; VariantName = "[No Variations]"
Change component parameters: Designator = "U2" ("U2"); Footprint = "VSSOP-10_L3.0-W3.0-P0.50-LS4.9-BL"; UniqueID = "\QATIOAIE" ("\QATIOAIE")
Change component parameters (AddParameter): Name = "AddInBom"; Value = "yes"; VariantName = "[No Variations]"
Change component parameters (AddParameter): Name = "Amplifier Type"; Value = "PGA"; VariantName = "[No Variations]"
Change component parameters (AddParameter): Name = "Channel ID"; Value = ""; VariantName = "[No Variations]"
Change component parameters (AddParameter): Name = "ConvertToPcb"; Value = "yes"; VariantName = "[No Variations]"
Change component parameters (AddParameter): Name = "Current - Supply"; Value = "1.1mA"; VariantName = "[No Variations]"
Change component parameters (AddParameter): Name = "Datasheet"; Value = "https://www.ti.com/cn/lit/gpn/pga112"; VariantName = "[No Variations]"
Change component parameters (AddParameter): Name = "Design Item ID"; Value = "PGA113AIDGSR"; VariantName = "[No Variations]"
Change component parameters (AddParameter): Name = "Device"; Value = "PGA113AIDGSR"; VariantName = "[No Variations]"
Change component parameters (AddParameter): Name = "FootprintName"; Value = "VSSOP-10_L3.0-W3.0-P0.50-LS4.9-BL"; VariantName = "[No Variations]"
Change component parameters (AddParameter): Name = "Group ID"; Value = ""; VariantName = "[No Variations]"
Change component parameters (AddParameter): Name = "Ib - Input Bias Current"; Value = "5000pA"; VariantName = "[No Variations]"
Change component parameters (AddParameter): Name = "Input Offset Current(Ios)"; Value = "5nA"; VariantName = "[No Variations]"
Change component parameters (AddParameter): Name = "Input Offset Voltage Drift(Vos TC)"; Value = "1.2uV/?"; VariantName = "[No Variations]"
Change component parameters (AddParameter): Name = "JLCPCB Part Class"; Value = "Extended Part"; VariantName = "[No Variations]"
Change component parameters (AddParameter): Name = "LCSC Part Name"; Value = "???????????"; VariantName = "[No Variations]"
Change component parameters (AddParameter): Name = "Manufacturer"; Value = "TI(????)"; VariantName = "[No Variations]"
Change component parameters (AddParameter): Name = "Manufacturer Part Number"; Value = "PGA113AIDGSR"; VariantName = "[No Variations]"
Change component parameters (AddParameter): Name = "ModelId"; Value = "3e31ed6b36ca484795e6a68c51b575dc?0819f05c4eef4c71ace90d822a990e87"; VariantName = "[No Variations]"
Change component parameters (AddParameter): Name = "ModelName"; Value = "VSSOP-10_L3.0-W3.0-H1.1-LS4.9-P0.50"; VariantName = "[No Variations]"
Change component parameters (AddParameter): Name = "ModelTransform"; Value = "197.637,118.11,0,90,0,0,0,0,0"; VariantName = "[No Variations]"
Change component parameters (AddParameter): Name = "Number of Channels"; Value = "2"; VariantName = "[No Variations]"
Change component parameters (AddParameter): Name = "Operating Temperature"; Value = "-40?~+125?"; VariantName = "[No Variations]"
Change component parameters (AddParameter): Name = "Output Current"; Value = "60mA"; VariantName = "[No Variations]"
Change component parameters (AddParameter): Name = "Quiescent Current"; Value = "1100000nA"; VariantName = "[No Variations]"
Change component parameters (AddParameter): Name = "Rail to Rail"; Value = "Rail-to-Rail Input;Rail-to-Rail Output"; VariantName = "[No Variations]"
Change component parameters (AddParameter): Name = "Reuse Block"; Value = ""; VariantName = "[No Variations]"
Change component parameters (AddParameter): Name = "Single Supply"; Value = "2.2V~5.5V"; VariantName = "[No Variations]"
Change component parameters (AddParameter): Name = "Source"; Value = "PGA113AIDGSR.SCHLIB"; VariantName = "[No Variations]"
Change component parameters (AddParameter): Name = "Supplier Footprint"; Value = "VSSOP-10-0.5mm"; VariantName = "[No Variations]"
Change component parameters (AddParameter): Name = "Supplier Part Number"; Value = "C2057394"; VariantName = "[No Variations]"
Change component parameters (AddParameter): Name = "Symbol"; Value = "PGA113AIDGSR"; VariantName = "[No Variations]"
Change component parameters (AddParameter): Name = "Vos - Input Offset Voltage"; Value = "100uV"; VariantName = "[No Variations]"
Change component parameters: Designator = "U6" ("U6"); Footprint = "VSSOP-10_L3.0-W3.0-P0.50-LS4.9-BL"; UniqueID = "\JXWBEAGD" ("\JXWBEAGD")
Change component parameters (AddParameter): Name = "AddInBom"; Value = "yes"; VariantName = "[No Variations]"
Change component parameters (AddParameter): Name = "Amplifier Type"; Value = "PGA"; VariantName = "[No Variations]"
Change component parameters (AddParameter): Name = "Channel ID"; Value = ""; VariantName = "[No Variations]"
Change component parameters (AddParameter): Name = "ConvertToPcb"; Value = "yes"; VariantName = "[No Variations]"
Change component parameters (AddParameter): Name = "Current - Supply"; Value = "1.1mA"; VariantName = "[No Variations]"
Change component parameters (AddParameter): Name = "Datasheet"; Value = "https://www.ti.com/cn/lit/gpn/pga112"; VariantName = "[No Variations]"
Change component parameters (AddParameter): Name = "Design Item ID"; Value = "PGA113AIDGSR"; VariantName = "[No Variations]"
Change component parameters (AddParameter): Name = "Device"; Value = "PGA113AIDGSR"; VariantName = "[No Variations]"
Change component parameters (AddParameter): Name = "FootprintName"; Value = "VSSOP-10_L3.0-W3.0-P0.50-LS4.9-BL"; VariantName = "[No Variations]"
Change component parameters (AddParameter): Name = "Group ID"; Value = ""; VariantName = "[No Variations]"
Change component parameters (AddParameter): Name = "Ib - Input Bias Current"; Value = "5000pA"; VariantName = "[No Variations]"
Change component parameters (AddParameter): Name = "Input Offset Current(Ios)"; Value = "5nA"; VariantName = "[No Variations]"
Change component parameters (AddParameter): Name = "Input Offset Voltage Drift(Vos TC)"; Value = "1.2uV/?"; VariantName = "[No Variations]"
Change component parameters (AddParameter): Name = "JLCPCB Part Class"; Value = "Extended Part"; VariantName = "[No Variations]"
Change component parameters (AddParameter): Name = "LCSC Part Name"; Value = "???????????"; VariantName = "[No Variations]"
Change component parameters (AddParameter): Name = "Manufacturer"; Value = "TI(????)"; VariantName = "[No Variations]"
Change component parameters (AddParameter): Name = "Manufacturer Part Number"; Value = "PGA113AIDGSR"; VariantName = "[No Variations]"
Change component parameters (AddParameter): Name = "ModelId"; Value = "3e31ed6b36ca484795e6a68c51b575dc?0819f05c4eef4c71ace90d822a990e87"; VariantName = "[No Variations]"
Change component parameters (AddParameter): Name = "ModelName"; Value = "VSSOP-10_L3.0-W3.0-H1.1-LS4.9-P0.50"; VariantName = "[No Variations]"
Change component parameters (AddParameter): Name = "ModelTransform"; Value = "197.637,118.11,0,90,0,0,0,0,0"; VariantName = "[No Variations]"
Change component parameters (AddParameter): Name = "Number of Channels"; Value = "2"; VariantName = "[No Variations]"
Change component parameters (AddParameter): Name = "Operating Temperature"; Value = "-40?~+125?"; VariantName = "[No Variations]"
Change component parameters (AddParameter): Name = "Output Current"; Value = "60mA"; VariantName = "[No Variations]"
Change component parameters (AddParameter): Name = "Quiescent Current"; Value = "1100000nA"; VariantName = "[No Variations]"
Change component parameters (AddParameter): Name = "Rail to Rail"; Value = "Rail-to-Rail Input;Rail-to-Rail Output"; VariantName = "[No Variations]"
Change component parameters (AddParameter): Name = "Reuse Block"; Value = ""; VariantName = "[No Variations]"
Change component parameters (AddParameter): Name = "Single Supply"; Value = "2.2V~5.5V"; VariantName = "[No Variations]"
Change component parameters (AddParameter): Name = "Source"; Value = "PGA113AIDGSR.SCHLIB"; VariantName = "[No Variations]"
Change component parameters (AddParameter): Name = "Supplier Footprint"; Value = "VSSOP-10-0.5mm"; VariantName = "[No Variations]"
Change component parameters (AddParameter): Name = "Supplier Part Number"; Value = "C2057394"; VariantName = "[No Variations]"
Change component parameters (AddParameter): Name = "Symbol"; Value = "PGA113AIDGSR"; VariantName = "[No Variations]"
Change component parameters (AddParameter): Name = "Vos - Input Offset Voltage"; Value = "100uV"; VariantName = "[No Variations]"
Change component parameters: Designator = "U3" ("U3"); Footprint = "SOP-4_L4.3-W4.4-P2.54-LS7.0-BL"; UniqueID = "\KUOFROHH" ("\KUOFROHH")
Change component parameters (AddParameter): Name = "AddInBom"; Value = "yes"; VariantName = "[No Variations]"
Change component parameters (AddParameter): Name = "Channel ID"; Value = ""; VariantName = "[No Variations]"
Change component parameters (AddParameter): Name = "Coil Rated Power"; Value = ""; VariantName = "[No Variations]"
Change component parameters (AddParameter): Name = "Coil Resistance"; Value = ""; VariantName = "[No Variations]"
Change component parameters (AddParameter): Name = "Coil Type"; Value = ""; VariantName = "[No Variations]"
Change component parameters (AddParameter): Name = "Coil Voltage"; Value = ""; VariantName = "[No Variations]"
Change component parameters (AddParameter): Name = "Contact Form"; Value = "SPST-NO(1 Form A)"; VariantName = "[No Variations]"
Change component parameters (AddParameter): Name = "Contact Material"; Value = ""; VariantName = "[No Variations]"
Change component parameters (AddParameter): Name = "Contact Rating"; Value = ""; VariantName = "[No Variations]"
Change component parameters (AddParameter): Name = "Contact Resistance"; Value = ""; VariantName = "[No Variations]"
Change component parameters (AddParameter): Name = "ConvertToPcb"; Value = "yes"; VariantName = "[No Variations]"
Change component parameters (AddParameter): Name = "Datasheet"; Value = "https://item.szlcsc.com/datasheet/AQY282SX/246604.html"; VariantName = "[No Variations]"
Change component parameters (AddParameter): Name = "Design Item ID"; Value = "AQY282SX"; VariantName = "[No Variations]"
Change component parameters (AddParameter): Name = "Device"; Value = "AQY282SX"; VariantName = "[No Variations]"
Change component parameters (AddParameter): Name = "FootprintName"; Value = "SOP-4_L4.3-W4.4-P2.54-LS7.0-BL"; VariantName = "[No Variations]"
Change component parameters (AddParameter): Name = "Forward Current(If)"; Value = "50mA"; VariantName = "[No Variations]"
Change component parameters (AddParameter): Name = "Group ID"; Value = ""; VariantName = "[No Variations]"
Change component parameters (AddParameter): Name = "Input Type"; Value = "AC,DC"; VariantName = "[No Variations]"
Change component parameters (AddParameter): Name = "Insulation Resistance"; Value = "1000MO"; VariantName = "[No Variations]"
Change component parameters (AddParameter): Name = "Isolation Voltage(Vrms)"; Value = "1.5kV"; VariantName = "[No Variations]"
Change component parameters (AddParameter): Name = "JLCPCB Part Class"; Value = "Extended Part"; VariantName = "[No Variations]"
Change component parameters (AddParameter): Name = "LCSC Part Name"; Value = "1 Form A(SPSTNO) ??AC,DC ????60V"; VariantName = "[No Variations]"
Change component parameters (AddParameter): Name = "Load Current"; Value = "500mA"; VariantName = "[No Variations]"
Change component parameters (AddParameter): Name = "Load Voltage"; Value = "60V"; VariantName = "[No Variations]"
Change component parameters (AddParameter): Name = "Manufacturer"; Value = "PANASONIC(??)"; VariantName = "[No Variations]"
Change component parameters (AddParameter): Name = "Manufacturer Part Number"; Value = "AQY282SX"; VariantName = "[No Variations]"
Change component parameters (AddParameter): Name = "ModelId"; Value = "43a8e8732de74b24a167faf554c5dad4?0819f05c4eef4c71ace90d822a990e87"; VariantName = "[No Variations]"
Change component parameters (AddParameter): Name = "ModelName"; Value = "SOP-4_L4.4-W4.6-H2.1-LS7.0-P2.54"; VariantName = "[No Variations]"
Change component parameters (AddParameter): Name = "ModelTransform"; Value = "173.228,283.69762,0,0,0,0,0,0.005,0"; VariantName = "[No Variations]"
Change component parameters (AddParameter): Name = "Number of Pins"; Value = ""; VariantName = "[No Variations]"
Change component parameters (AddParameter): Name = "Operate Time"; Value = ""; VariantName = "[No Variations]"
Change component parameters (AddParameter): Name = "Operating Temperature"; Value = "-40?~+85?"; VariantName = "[No Variations]"
Change component parameters (AddParameter): Name = "RDS(on)"; Value = "850mO"; VariantName = "[No Variations]"
Change component parameters (AddParameter): Name = "Release Time"; Value = ""; VariantName = "[No Variations]"
Change component parameters (AddParameter): Name = "Reuse Block"; Value = ""; VariantName = "[No Variations]"
Change component parameters (AddParameter): Name = "Source"; Value = "P1.SCHLIB"; VariantName = "[No Variations]"
Change component parameters (AddParameter): Name = "Supplier Footprint"; Value = "SOP-4-2.54mm"; VariantName = "[No Variations]"
Change component parameters (AddParameter): Name = "Supplier Part Number"; Value = "C250827"; VariantName = "[No Variations]"
Change component parameters (AddParameter): Name = "Switching Current(Max)"; Value = ""; VariantName = "[No Variations]"
Change component parameters (AddParameter): Name = "Switching Voltage(Max)"; Value = ""; VariantName = "[No Variations]"
Change component parameters (AddParameter): Name = "Symbol"; Value = "AQY282SX"; VariantName = "[No Variations]"
Change component parameters (AddParameter): Name = "Total Power Dissipation(Pd)"; Value = "350mW"; VariantName = "[No Variations]"
Change component parameters (AddParameter): Name = "Turn-off time"; Value = "500us"; VariantName = "[No Variations]"
Change component parameters (AddParameter): Name = "Turn-on time"; Value = "900us"; VariantName = "[No Variations]"
Change component parameters (AddParameter): Name = "Voltage - Forward(Vf)"; Value = "1.25V"; VariantName = "[No Variations]"
Change component parameters: Designator = "U4" ("U4"); Footprint = "SOP-4_L4.3-W4.4-P2.54-LS7.0-BL"; UniqueID = "\OIGTSLJB" ("\OIGTSLJB")
Change component parameters (AddParameter): Name = "AddInBom"; Value = "yes"; VariantName = "[No Variations]"
Change component parameters (AddParameter): Name = "Channel ID"; Value = ""; VariantName = "[No Variations]"
Change component parameters (AddParameter): Name = "Coil Rated Power"; Value = ""; VariantName = "[No Variations]"
Change component parameters (AddParameter): Name = "Coil Resistance"; Value = ""; VariantName = "[No Variations]"
Change component parameters (AddParameter): Name = "Coil Type"; Value = ""; VariantName = "[No Variations]"
Change component parameters (AddParameter): Name = "Coil Voltage"; Value = ""; VariantName = "[No Variations]"
Change component parameters (AddParameter): Name = "Contact Form"; Value = "SPST-NO(1 Form A)"; VariantName = "[No Variations]"
Change component parameters (AddParameter): Name = "Contact Material"; Value = ""; VariantName = "[No Variations]"
Change component parameters (AddParameter): Name = "Contact Rating"; Value = ""; VariantName = "[No Variations]"
Change component parameters (AddParameter): Name = "Contact Resistance"; Value = ""; VariantName = "[No Variations]"
Change component parameters (AddParameter): Name = "ConvertToPcb"; Value = "yes"; VariantName = "[No Variations]"
Change component parameters (AddParameter): Name = "Datasheet"; Value = "https://item.szlcsc.com/datasheet/AQY282SX/246604.html"; VariantName = "[No Variations]"
Change component parameters (AddParameter): Name = "Design Item ID"; Value = "AQY282SX"; VariantName = "[No Variations]"
Change component parameters (AddParameter): Name = "Device"; Value = "AQY282SX"; VariantName = "[No Variations]"
Change component parameters (AddParameter): Name = "FootprintName"; Value = "SOP-4_L4.3-W4.4-P2.54-LS7.0-BL"; VariantName = "[No Variations]"
Change component parameters (AddParameter): Name = "Forward Current(If)"; Value = "50mA"; VariantName = "[No Variations]"
Change component parameters (AddParameter): Name = "Group ID"; Value = ""; VariantName = "[No Variations]"
Change component parameters (AddParameter): Name = "Input Type"; Value = "AC,DC"; VariantName = "[No Variations]"
Change component parameters (AddParameter): Name = "Insulation Resistance"; Value = "1000MO"; VariantName = "[No Variations]"
Change component parameters (AddParameter): Name = "Isolation Voltage(Vrms)"; Value = "1.5kV"; VariantName = "[No Variations]"
Change component parameters (AddParameter): Name = "JLCPCB Part Class"; Value = "Extended Part"; VariantName = "[No Variations]"
Change component parameters (AddParameter): Name = "LCSC Part Name"; Value = "1 Form A(SPSTNO) ??AC,DC ????60V"; VariantName = "[No Variations]"
Change component parameters (AddParameter): Name = "Load Current"; Value = "500mA"; VariantName = "[No Variations]"
Change component parameters (AddParameter): Name = "Load Voltage"; Value = "60V"; VariantName = "[No Variations]"
Change component parameters (AddParameter): Name = "Manufacturer"; Value = "PANASONIC(??)"; VariantName = "[No Variations]"
Change component parameters (AddParameter): Name = "Manufacturer Part Number"; Value = "AQY282SX"; VariantName = "[No Variations]"
Change component parameters (AddParameter): Name = "ModelId"; Value = "43a8e8732de74b24a167faf554c5dad4?0819f05c4eef4c71ace90d822a990e87"; VariantName = "[No Variations]"
Change component parameters (AddParameter): Name = "ModelName"; Value = "SOP-4_L4.4-W4.6-H2.1-LS7.0-P2.54"; VariantName = "[No Variations]"
Change component parameters (AddParameter): Name = "ModelTransform"; Value = "173.228,283.69762,0,0,0,0,0,0.005,0"; VariantName = "[No Variations]"
Change component parameters (AddParameter): Name = "Number of Pins"; Value = ""; VariantName = "[No Variations]"
Change component parameters (AddParameter): Name = "Operate Time"; Value = ""; VariantName = "[No Variations]"
Change component parameters (AddParameter): Name = "Operating Temperature"; Value = "-40?~+85?"; VariantName = "[No Variations]"
Change component parameters (AddParameter): Name = "RDS(on)"; Value = "850mO"; VariantName = "[No Variations]"
Change component parameters (AddParameter): Name = "Release Time"; Value = ""; VariantName = "[No Variations]"
Change component parameters (AddParameter): Name = "Reuse Block"; Value = ""; VariantName = "[No Variations]"
Change component parameters (AddParameter): Name = "Source"; Value = "P1.SCHLIB"; VariantName = "[No Variations]"
Change component parameters (AddParameter): Name = "Supplier Footprint"; Value = "SOP-4-2.54mm"; VariantName = "[No Variations]"
Change component parameters (AddParameter): Name = "Supplier Part Number"; Value = "C250827"; VariantName = "[No Variations]"
Change component parameters (AddParameter): Name = "Switching Current(Max)"; Value = ""; VariantName = "[No Variations]"
Change component parameters (AddParameter): Name = "Switching Voltage(Max)"; Value = ""; VariantName = "[No Variations]"
Change component parameters (AddParameter): Name = "Symbol"; Value = "AQY282SX"; VariantName = "[No Variations]"
Change component parameters (AddParameter): Name = "Total Power Dissipation(Pd)"; Value = "350mW"; VariantName = "[No Variations]"
Change component parameters (AddParameter): Name = "Turn-off time"; Value = "500us"; VariantName = "[No Variations]"
Change component parameters (AddParameter): Name = "Turn-on time"; Value = "900us"; VariantName = "[No Variations]"
Change component parameters (AddParameter): Name = "Voltage - Forward(Vf)"; Value = "1.25V"; VariantName = "[No Variations]"
Change component parameters: Designator = "RELAY1" ("RELAY1"); Footprint = "RELAY-SMD_HFD4-5-SR"; UniqueID = "\HKJJXNWJ" ("\HKJJXNWJ")
Change component parameters (AddParameter): Name = "AddInBom"; Value = "yes"; VariantName = "[No Variations]"
Change component parameters (AddParameter): Name = "Channel ID"; Value = ""; VariantName = "[No Variations]"
Change component parameters (AddParameter): Name = "Coil Rated Power"; Value = "140mW"; VariantName = "[No Variations]"
Change component parameters (AddParameter): Name = "Coil Resistance"; Value = "178O"; VariantName = "[No Variations]"
Change component parameters (AddParameter): Name = "Coil Type"; Value = "Polarized-Single Coil"; VariantName = "[No Variations]"
Change component parameters (AddParameter): Name = "Coil Voltage"; Value = "5V"; VariantName = "[No Variations]"
Change component parameters (AddParameter): Name = "Contact Form"; Value = "2 Form C: 2C (DPDT-CO)"; VariantName = "[No Variations]"
Change component parameters (AddParameter): Name = "Contact Material"; Value = "AgNi + Gold plated"; VariantName = "[No Variations]"
Change component parameters (AddParameter): Name = "Contact Rating"; Value = "1A@30VDC;300mA@125VAC"; VariantName = "[No Variations]"
Change component parameters (AddParameter): Name = "Contact Resistance"; Value = "100mO"; VariantName = "[No Variations]"
Change component parameters (AddParameter): Name = "ConvertToPcb"; Value = "yes"; VariantName = "[No Variations]"
Change component parameters (AddParameter): Name = "Datasheet"; Value = "https://item.szlcsc.com/datasheet/HFD4%252F5-SR/65466.html"; VariantName = "[No Variations]"
Change component parameters (AddParameter): Name = "Design Item ID"; Value = "HFD4/5-SR"; VariantName = "[No Variations]"
Change component parameters (AddParameter): Name = "Device"; Value = "HFD4/5-SR"; VariantName = "[No Variations]"
Change component parameters (AddParameter): Name = "FootprintName"; Value = "RELAY-SMD_HFD4-5-SR"; VariantName = "[No Variations]"
Change component parameters (AddParameter): Name = "Group ID"; Value = ""; VariantName = "[No Variations]"
Change component parameters (AddParameter): Name = "JLCPCB Part Class"; Value = "Extended Part"; VariantName = "[No Variations]"
Change component parameters (AddParameter): Name = "LCSC Part Name"; Value = "???5V??? ????"; VariantName = "[No Variations]"
Change component parameters (AddParameter): Name = "Manufacturer"; Value = "HF(??)"; VariantName = "[No Variations]"
Change component parameters (AddParameter): Name = "Manufacturer Part Number"; Value = "HFD4/5-SR"; VariantName = "[No Variations]"
Change component parameters (AddParameter): Name = "ModelId"; Value = "abc4320b17a04819849f22b1ebcd3fe7?0819f05c4eef4c71ace90d822a990e87"; VariantName = "[No Variations]"
Change component parameters (AddParameter): Name = "ModelName"; Value = "RELAY-SMD_L10.0-W6.5-H5.7-LS7.5-P2.2"; VariantName = "[No Variations]"
Change component parameters (AddParameter): Name = "ModelTransform"; Value = "393.7,307.086,0,0,0,0,-0.005,0,0"; VariantName = "[No Variations]"
Change component parameters (AddParameter): Name = "Number of Pins"; Value = "8"; VariantName = "[No Variations]"
Change component parameters (AddParameter): Name = "Operate Time"; Value = "3ms"; VariantName = "[No Variations]"
Change component parameters (AddParameter): Name = "Operating Temperature"; Value = "-40?~+85?"; VariantName = "[No Variations]"
Change component parameters (AddParameter): Name = "Release Time"; Value = "3ms"; VariantName = "[No Variations]"
Change component parameters (AddParameter): Name = "Reuse Block"; Value = ""; VariantName = "[No Variations]"
Change component parameters (AddParameter): Name = "Source"; Value = "P1.SCHLIB"; VariantName = "[No Variations]"
Change component parameters (AddParameter): Name = "Supplier Footprint"; Value = "SMD,10x6.5mm"; VariantName = "[No Variations]"
Change component parameters (AddParameter): Name = "Supplier Part Number"; Value = "C64399"; VariantName = "[No Variations]"
Change component parameters (AddParameter): Name = "Switching Current(Max)"; Value = "2A"; VariantName = "[No Variations]"
Change component parameters (AddParameter): Name = "Switching Voltage(Max)"; Value = "250V@AC;220V@DC"; VariantName = "[No Variations]"
Change component parameters (AddParameter): Name = "Symbol"; Value = "HFD4/5-S"; VariantName = "[No Variations]"
Change component parameters: Designator = "RELAY2" ("RELAY2"); Footprint = "RELAY-SMD_HFD4-5-SR"; UniqueID = "\RCXUDTXG" ("\RCXUDTXG")
Change component parameters (AddParameter): Name = "AddInBom"; Value = "yes"; VariantName = "[No Variations]"
Change component parameters (AddParameter): Name = "Channel ID"; Value = ""; VariantName = "[No Variations]"
Change component parameters (AddParameter): Name = "Coil Rated Power"; Value = "140mW"; VariantName = "[No Variations]"
Change component parameters (AddParameter): Name = "Coil Resistance"; Value = "178O"; VariantName = "[No Variations]"
Change component parameters (AddParameter): Name = "Coil Type"; Value = "Polarized-Single Coil"; VariantName = "[No Variations]"
Change component parameters (AddParameter): Name = "Coil Voltage"; Value = "5V"; VariantName = "[No Variations]"
Change component parameters (AddParameter): Name = "Contact Form"; Value = "2 Form C: 2C (DPDT-CO)"; VariantName = "[No Variations]"
Change component parameters (AddParameter): Name = "Contact Material"; Value = "AgNi + Gold plated"; VariantName = "[No Variations]"
Change component parameters (AddParameter): Name = "Contact Rating"; Value = "1A@30VDC;300mA@125VAC"; VariantName = "[No Variations]"
Change component parameters (AddParameter): Name = "Contact Resistance"; Value = "100mO"; VariantName = "[No Variations]"
Change component parameters (AddParameter): Name = "ConvertToPcb"; Value = "yes"; VariantName = "[No Variations]"
Change component parameters (AddParameter): Name = "Datasheet"; Value = "https://item.szlcsc.com/datasheet/HFD4%252F5-SR/65466.html"; VariantName = "[No Variations]"
Change component parameters (AddParameter): Name = "Design Item ID"; Value = "HFD4/5-SR"; VariantName = "[No Variations]"
Change component parameters (AddParameter): Name = "Device"; Value = "HFD4/5-SR"; VariantName = "[No Variations]"
Change component parameters (AddParameter): Name = "FootprintName"; Value = "RELAY-SMD_HFD4-5-SR"; VariantName = "[No Variations]"
Change component parameters (AddParameter): Name = "Group ID"; Value = ""; VariantName = "[No Variations]"
Change component parameters (AddParameter): Name = "JLCPCB Part Class"; Value = "Extended Part"; VariantName = "[No Variations]"
Change component parameters (AddParameter): Name = "LCSC Part Name"; Value = "???5V??? ????"; VariantName = "[No Variations]"
Change component parameters (AddParameter): Name = "Manufacturer"; Value = "HF(??)"; VariantName = "[No Variations]"
Change component parameters (AddParameter): Name = "Manufacturer Part Number"; Value = "HFD4/5-SR"; VariantName = "[No Variations]"
Change component parameters (AddParameter): Name = "ModelId"; Value = "abc4320b17a04819849f22b1ebcd3fe7?0819f05c4eef4c71ace90d822a990e87"; VariantName = "[No Variations]"
Change component parameters (AddParameter): Name = "ModelName"; Value = "RELAY-SMD_L10.0-W6.5-H5.7-LS7.5-P2.2"; VariantName = "[No Variations]"
Change component parameters (AddParameter): Name = "ModelTransform"; Value = "393.7,307.086,0,0,0,0,-0.005,0,0"; VariantName = "[No Variations]"
Change component parameters (AddParameter): Name = "Number of Pins"; Value = "8"; VariantName = "[No Variations]"
Change component parameters (AddParameter): Name = "Operate Time"; Value = "3ms"; VariantName = "[No Variations]"
Change component parameters (AddParameter): Name = "Operating Temperature"; Value = "-40?~+85?"; VariantName = "[No Variations]"
Change component parameters (AddParameter): Name = "Release Time"; Value = "3ms"; VariantName = "[No Variations]"
Change component parameters (AddParameter): Name = "Reuse Block"; Value = ""; VariantName = "[No Variations]"
Change component parameters (AddParameter): Name = "Source"; Value = "P1.SCHLIB"; VariantName = "[No Variations]"
Change component parameters (AddParameter): Name = "Supplier Footprint"; Value = "SMD,10x6.5mm"; VariantName = "[No Variations]"
Change component parameters (AddParameter): Name = "Supplier Part Number"; Value = "C64399"; VariantName = "[No Variations]"
Change component parameters (AddParameter): Name = "Switching Current(Max)"; Value = "2A"; VariantName = "[No Variations]"
Change component parameters (AddParameter): Name = "Switching Voltage(Max)"; Value = "250V@AC;220V@DC"; VariantName = "[No Variations]"
Change component parameters (AddParameter): Name = "Symbol"; Value = "HFD4/5-S"; VariantName = "[No Variations]"
Change component parameters: Designator = "RELAY3" ("RELAY3"); Footprint = "RELAY-SMD_HFD4-5-SR"; UniqueID = "\CGGWFNSQ" ("\CGGWFNSQ")
Change component parameters (AddParameter): Name = "AddInBom"; Value = "yes"; VariantName = "[No Variations]"
Change component parameters (AddParameter): Name = "Channel ID"; Value = ""; VariantName = "[No Variations]"
Change component parameters (AddParameter): Name = "Coil Rated Power"; Value = "140mW"; VariantName = "[No Variations]"
Change component parameters (AddParameter): Name = "Coil Resistance"; Value = "178O"; VariantName = "[No Variations]"
Change component parameters (AddParameter): Name = "Coil Type"; Value = "Polarized-Single Coil"; VariantName = "[No Variations]"
Change component parameters (AddParameter): Name = "Coil Voltage"; Value = "5V"; VariantName = "[No Variations]"
Change component parameters (AddParameter): Name = "Contact Form"; Value = "2 Form C: 2C (DPDT-CO)"; VariantName = "[No Variations]"
Change component parameters (AddParameter): Name = "Contact Material"; Value = "AgNi + Gold plated"; VariantName = "[No Variations]"
Change component parameters (AddParameter): Name = "Contact Rating"; Value = "1A@30VDC;300mA@125VAC"; VariantName = "[No Variations]"
Change component parameters (AddParameter): Name = "Contact Resistance"; Value = "100mO"; VariantName = "[No Variations]"
Change component parameters (AddParameter): Name = "ConvertToPcb"; Value = "yes"; VariantName = "[No Variations]"
Change component parameters (AddParameter): Name = "Datasheet"; Value = "https://item.szlcsc.com/datasheet/HFD4%252F5-SR/65466.html"; VariantName = "[No Variations]"
Change component parameters (AddParameter): Name = "Design Item ID"; Value = "HFD4/5-SR"; VariantName = "[No Variations]"
Change component parameters (AddParameter): Name = "Device"; Value = "HFD4/5-SR"; VariantName = "[No Variations]"
Change component parameters (AddParameter): Name = "FootprintName"; Value = "RELAY-SMD_HFD4-5-SR"; VariantName = "[No Variations]"
Change component parameters (AddParameter): Name = "Group ID"; Value = ""; VariantName = "[No Variations]"
Change component parameters (AddParameter): Name = "JLCPCB Part Class"; Value = "Extended Part"; VariantName = "[No Variations]"
Change component parameters (AddParameter): Name = "LCSC Part Name"; Value = "???5V??? ????"; VariantName = "[No Variations]"
Change component parameters (AddParameter): Name = "Manufacturer"; Value = "HF(??)"; VariantName = "[No Variations]"
Change component parameters (AddParameter): Name = "Manufacturer Part Number"; Value = "HFD4/5-SR"; VariantName = "[No Variations]"
Change component parameters (AddParameter): Name = "ModelId"; Value = "abc4320b17a04819849f22b1ebcd3fe7?0819f05c4eef4c71ace90d822a990e87"; VariantName = "[No Variations]"
Change component parameters (AddParameter): Name = "ModelName"; Value = "RELAY-SMD_L10.0-W6.5-H5.7-LS7.5-P2.2"; VariantName = "[No Variations]"
Change component parameters (AddParameter): Name = "ModelTransform"; Value = "393.7,307.086,0,0,0,0,-0.005,0,0"; VariantName = "[No Variations]"
Change component parameters (AddParameter): Name = "Number of Pins"; Value = "8"; VariantName = "[No Variations]"
Change component parameters (AddParameter): Name = "Operate Time"; Value = "3ms"; VariantName = "[No Variations]"
Change component parameters (AddParameter): Name = "Operating Temperature"; Value = "-40?~+85?"; VariantName = "[No Variations]"
Change component parameters (AddParameter): Name = "Release Time"; Value = "3ms"; VariantName = "[No Variations]"
Change component parameters (AddParameter): Name = "Reuse Block"; Value = ""; VariantName = "[No Variations]"
Change component parameters (AddParameter): Name = "Source"; Value = "P1.SCHLIB"; VariantName = "[No Variations]"
Change component parameters (AddParameter): Name = "Supplier Footprint"; Value = "SMD,10x6.5mm"; VariantName = "[No Variations]"
Change component parameters (AddParameter): Name = "Supplier Part Number"; Value = "C64399"; VariantName = "[No Variations]"
Change component parameters (AddParameter): Name = "Switching Current(Max)"; Value = "2A"; VariantName = "[No Variations]"
Change component parameters (AddParameter): Name = "Switching Voltage(Max)"; Value = "250V@AC;220V@DC"; VariantName = "[No Variations]"
Change component parameters (AddParameter): Name = "Symbol"; Value = "HFD4/5-S"; VariantName = "[No Variations]"
Change component parameters: Designator = "J2" ("J2"); Footprint = "HDR-TH_16P-P2.54-V-M-R2-C8-S2.54"; UniqueID = "\PUAAMSTG" ("\PUAAMSTG")
Change component parameters (AddParameter): Name = "AddInBom"; Value = "yes"; VariantName = "[No Variations]"
Change component parameters (AddParameter): Name = "Channel ID"; Value = ""; VariantName = "[No Variations]"
Change component parameters (AddParameter): Name = "Circluar Pins/Square Pins"; Value = "Pin Header"; VariantName = "[No Variations]"
Change component parameters (AddParameter): Name = "Color"; Value = "Black"; VariantName = "[No Variations]"
Change component parameters (AddParameter): Name = "Contact Material"; Value = "Brass"; VariantName = "[No Variations]"
Change component parameters (AddParameter): Name = "Contact Plating"; Value = "Gold"; VariantName = "[No Variations]"
Change component parameters (AddParameter): Name = "ConvertToPcb"; Value = "yes"; VariantName = "[No Variations]"
Change component parameters (AddParameter): Name = "Current Rating"; Value = "3A"; VariantName = "[No Variations]"
Change component parameters (AddParameter): Name = "Datasheet"; Value = "https://item.szlcsc.com/datasheet/2.54-2*8P%25E9%2592%2588/69336.html"; VariantName = "[No Variations]"
Change component parameters (AddParameter): Name = "Design Item ID"; Value = "2.54-2*8P?_C68234"; VariantName = "[No Variations]"
Change component parameters (AddParameter): Name = "Device"; Value = "2.54-2*8P?_C68234"; VariantName = "[No Variations]"
Change component parameters (AddParameter): Name = "FootprintName"; Value = "HDR-TH_16P-P2.54-V-M-R2-C8-S2.54"; VariantName = "[No Variations]"
Change component parameters (AddParameter): Name = "Group ID"; Value = ""; VariantName = "[No Variations]"
Change component parameters (AddParameter): Name = "Insulation Height"; Value = "2.54mm"; VariantName = "[No Variations]"
Change component parameters (AddParameter): Name = "JLCPCB Part Class"; Value = "Extended Part"; VariantName = "[No Variations]"
Change component parameters (AddParameter): Name = "LCSC Part Name"; Value = "2x8P ??:2.54mm ?? ??"; VariantName = "[No Variations]"
Change component parameters (AddParameter): Name = "Length of End Connection Pin"; Value = "3mm"; VariantName = "[No Variations]"
Change component parameters (AddParameter): Name = "Length of Mating Pin"; Value = "5.9mm"; VariantName = "[No Variations]"
Change component parameters (AddParameter): Name = "Manufacturer"; Value = "BOOMELE(????)"; VariantName = "[No Variations]"
Change component parameters (AddParameter): Name = "Manufacturer Part Number"; Value = "2.54-2*8P?"; VariantName = "[No Variations]"
Change component parameters (AddParameter): Name = "ModelId"; Value = "e9bbe0154d6648aeb599214ae56f6999?0819f05c4eef4c71ace90d822a990e87"; VariantName = "[No Variations]"
Change component parameters (AddParameter): Name = "ModelName"; Value = "HDR2.54-M-LI-2X8P"; VariantName = "[No Variations]"
Change component parameters (AddParameter): Name = "ModelTransform"; Value = "799.99844,200,0,0,0,0,0,0,-118.11"; VariantName = "[No Variations]"
Change component parameters (AddParameter): Name = "Mounting Type"; Value = "Through Hole"; VariantName = "[No Variations]"
Change component parameters (AddParameter): Name = "Number of Pins"; Value = "16P"; VariantName = "[No Variations]"
Change component parameters (AddParameter): Name = "Number of Rows"; Value = "2"; VariantName = "[No Variations]"
Change component parameters (AddParameter): Name = "Operating Temperature"; Value = "-55?~+105?"; VariantName = "[No Variations]"
Change component parameters (AddParameter): Name = "Pin Structure"; Value = "2x8P"; VariantName = "[No Variations]"
Change component parameters (AddParameter): Name = "Pitch"; Value = "2.54mm"; VariantName = "[No Variations]"
Change component parameters (AddParameter): Name = "Reuse Block"; Value = ""; VariantName = "[No Variations]"
Change component parameters (AddParameter): Name = "Row Spacing"; Value = "2.54mm"; VariantName = "[No Variations]"
Change component parameters (AddParameter): Name = "Source"; Value = "P1.SCHLIB"; VariantName = "[No Variations]"
Change component parameters (AddParameter): Name = "Supplier Footprint"; Value = "??,P=2.54mm"; VariantName = "[No Variations]"
Change component parameters (AddParameter): Name = "Supplier Part Number"; Value = "C68234"; VariantName = "[No Variations]"
Change component parameters (AddParameter): Name = "Symbol"; Value = "Header-Male-2.54_2x8"; VariantName = "[No Variations]"
Change component parameters (AddParameter): Name = "Voltage Rating (Max)"; Value = "-"; VariantName = "[No Variations]"
Add Pin To Net: Unknown Pin: Pin C3-1
Add Pin To Net: Unknown Pin: Pin C3-2
Add Pin To Net: Unknown Pin: Pin C13-1
Add Pin To Net: Unknown Pin: Pin C13-2
Added Pin To Net: NetName=NetR38_2 Pin=U1-1
Added Pin To Net: NetName=NetR38_2 Pin=U1-2
Added Pin To Net: NetName=NetR37_2 Pin=U1-3
Added Pin To Net: NetName=+3V3 Pin=U1-4
Added Pin To Net: NetName=GND Pin=U1-11
Added Member To Class: ClassName=Analog_Input Member=Component C1 TCC0805COG200J500BT
Add Class Member: Failed to add class member : Component C3 Capacitor
Add Class Member: Failed to add class member : Component C13 Capacitor
Added Member To Class: ClassName=REF_VOLTAGE_RELAY_DRIVER Member=Component U1 TPH2504-TR
